TV_spend,radio_spend,social_spend,sales_k
249.78492376688772,74.71983749774252,73.15189396890993,78.88301027269519
10.787814685210945,79.86314603639624,40.27062969421359,62.290535369858205
182.32317175640063,44.58055756055781,41.067914372083294,60.21318721145062
69.76424045856609,16.21974038735078,51.516815804719954,48.39484896569148
186.352496323757,94.05640254347365,70.60539249922411,82.03102585498539
257.2261734409054,37.598750958305295,58.94114062146357,61.07552539945229
124.68804662552955,8.362667069498734,57.541937587047194,46.68174120762967
147.68401724685367,43.66779527262838,13.997150711819312,51.563292537676986
291.6268239665143,91.92599355256692,47.2433250656595,77.34727295592282
122.72267096942772,28.130402961902824,46.57999272730702,54.52596194897647
186.33976721475628,95.09239223682142,43.31149020980507,74.70288807030857
99.79761566343554,65.17970987744359,7.448483445156407,54.22874835538514
240.02495519703268,93.04843295540779,62.51733932958283,80.6635460380048
128.6924110837732,75.72799793882245,29.277699110629943,65.00013879278087
255.48289855723007,57.934760901612655,37.754161070957664,62.278770942155795
165.49215404712388,15.825141037743634,71.10300726930244,56.8128300337864
34.63044996757006,30.183957557153526,74.84785155575013,54.02109471882905
102.79416349868738,61.77547444098877,5.863809098158422,51.59853209293934
81.9348511022896,34.13552771768934,67.95091749054154,58.16993676654069
197.46924032193908,95.61636351689916,62.086025189097384,77.73261251592498
250.72507315085699,41.31675597116319,76.8711926959466,68.25520197353356
289.9592096856886,51.58478487020229,76.74824359695538,71.15269342037493
270.56568842244593,46.66540204242979,77.3100875081672,70.57238470115229
149.220394578956,21.455741287251424,65.33179028148662,55.8523464337138
116.25059276884127,83.9735325428301,77.83818571504203,78.56626989029444
114.11755932059803,88.23364548658104,15.943690341030662,64.04971225792892
289.10722053319205,30.38040171621992,47.54764155481222,61.01067929200987
204.18504960919896,81.06289405480835,64.94441096315717,69.71463770719933
122.81680124997935,85.45356403041936,19.203147869723004,65.45098815257481
206.353112115282,35.47203097930232,30.87691473721118,55.540047101421735
88.5056150079741,89.82773236823405,15.06968677331431,61.31470066151216
113.1606523694451,90.38360380585884,51.601284056553276,71.1808376442579
210.49726751476808,72.34289278656239,20.564406399418754,66.28427715695673
84.40617956343765,76.25241026651892,62.190198731206216,72.27856546863921
81.86787357663349,48.30181086335434,56.31290423377714,64.81516286677444
58.77660701022997,56.29583184591082,60.75390610252953,58.80733887577995
126.80342004996766,24.036389212077033,49.227657248156994,55.05197428231524
136.7222409887249,91.09032848439129,5.449418331889198,64.31396351946907
287.7754161540103,54.837826725449425,13.524107082354213,62.65391307743239
86.80937128724135,66.33804676312062,24.383078306123767,55.457674198055315
22.151810761012477,99.28881840481843,61.895955305586774,70.60366745781477
155.46101286070225,97.77931368332517,56.16148217099011,76.94566795852302
37.71048306372339,90.2697229451639,17.149489839833947,65.17366163056491
90.60717370765987,28.438667717630445,43.8593926189979,50.42928683078451
175.65004016350906,68.884383801443,6.448264510747582,56.518612956694284
78.69312572496786,57.620617668268785,36.95472095772732,56.199372785770656
125.6613906963514,31.1317411215114,62.70286905599651,57.85343032161752
279.8516245236536,44.62615056414033,15.504982015811946,55.9139080034849
27.6081807954577,81.52153297081274,46.25345399329528,64.82867412309747
136.85958523182066,74.36220035101692,61.90223820501646,70.7175366417996
195.43439610529006,13.140054972779012,57.03085745916836,55.37683694211545
178.9816758517369,17.988707203708625,18.475956450582522,42.834879196589476
201.52130578285625,5.0094384619913015,75.62296434069195,55.670019551767936
23.270565505444115,10.540602187591709,64.93034895961469,44.945357859382206
82.43001264042701,79.50426612783608,18.814073952842588,58.13570978178175
19.66450142584297,74.79689202274376,63.62767462775908,64.9180328471772
200.68347597813306,23.526561578331446,24.330839168564022,47.35750235235387
132.01167964017446,7.105042408657762,72.8859282577818,54.4959610417072
179.07804751767114,80.2855155823895,68.71839648404612,76.66924672251807
146.26790299408395,33.28641371906839,52.79232035736645,52.56369536594573
289.94125019253,47.31583925822339,54.05094419916078,64.82539458060018
49.458253434320675,18.57127308401155,10.490758280601039,41.30857104833299
166.65273446450658,15.895777350861918,30.18495577420882,46.78839130992354
136.02367364922247,49.67035172862157,71.58906622511017,65.66973517128338
135.70550897787916,29.6843418973697,28.391066056408846,49.32755378790924
35.20747910537011,55.799598811100466,27.41678134836776,53.25341549131444
168.68360644707454,47.57837086255863,39.489882128283384,58.434209700034
228.76103586964888,11.449152293598628,19.01250297103359,45.4865984093295
200.70519220516888,66.95342091991738,70.62440074357315,73.9914523194618
77.29589382308377,94.10377860234202,63.77641654349114,75.86314624258941
73.35976219700132,72.03385377472128,14.785991858122864,59.198788389680985
255.6611162178525,80.13419529594375,29.115455929336534,69.86411205374736
269.39317534379126,26.73746612012088,16.095703171828966,50.01307609672919
253.22860977375748,71.59149376346853,34.00854505248014,73.0063690584391
25.89827248846443,99.12511307429179,54.00307197387704,66.49426163821099
88.75129075185492,32.35410388651956,24.54008803868937,48.02195588697593
120.52023608216481,15.947007026533232,62.289337299871704,54.759281071500254
37.15228840153989,72.88479274357228,77.38989472747505,70.83700142711896
138.04450863849735,80.81671125015724,50.83988728277384,71.85351677643192
147.02089120478863,41.38351732831491,29.89894568396382,51.308148531249415
129.44479956263157,77.39715023410638,59.96722935725761,71.08540318073565
254.72617995325035,21.12616198150972,24.80106216621178,47.93393299057278
151.7934872136459,49.23298047571849,71.40274667013345,62.36311984692875
226.74610389394758,61.56490738783534,62.181507789143865,67.47321034852543
219.61922982607962,14.239143312692127,36.50898258901823,48.96001685487706
75.48751489692994,60.00083159185104,59.88895337884724,64.435645217075
180.2090644619611,28.035756589494106,5.029479222353365,47.30650555116826
25.489107235887072,94.68084791556883,63.72180757377985,73.60421491005911
154.64461224075993,68.67150143372656,60.56447880475451,69.46878023634002
44.207336510736695,17.519765214989448,33.35835723031283,42.69206575011534
10.652614098378736,72.25397729632806,10.144691717813746,56.97563095976676
119.8275948795378,81.9246531505164,37.267980046031596,66.41321105572382
289.3126322557826,15.513113228408768,5.109579512817823,43.54423202608794
208.21110469112972,5.566202893016635,15.108741591504543,46.192068045875
111.33923533034061,13.303184632843642,24.22210228026034,41.506985289521594
217.10094414375405,34.54503448832381,7.821699249640328,49.73018906151007
172.1783083317718,34.554485092875645,50.53572393307185,60.30817076195244
201.32750585633931,74.98280457556237,72.39266114876472,74.43496102621438
44.289061702030544,47.737137218565,35.53678699372854,53.70851169404597
146.31163012934306,5.824971989852038,57.36906809703768,48.24544917303743
238.65696711091485,48.784275042501115,13.852692636488227,55.872812367687885
121.31646605028794,73.3395471568818,75.17034339145536,73.25077105226705
287.0780156017595,10.948225619217972,69.74762393732573,59.60788570995428
183.5839832641486,55.80015372019922,70.08285598811283,65.06279577310566
283.18482528193624,38.79578412514319,76.56011112852157,70.38767586171294
175.61708680478992,32.20707721337902,77.68554940306872,61.46809740085624
70.96509793085627,16.905310892017027,73.30419148261731,50.44044007348757
85.8041553786932,33.16642508710831,76.88674259192443,59.931812734330975
178.21373311348188,34.729283327992256,25.727319788647716,53.518553708826495
250.5197150564622,79.31351885172052,56.74972651826155,73.61123265894183
66.55111435553646,26.845703243230073,67.62279698267264,54.98183874169529
168.09572890737127,39.36506776836006,76.63709100574854,64.8465683676599
111.62572490912476,84.75837857057738,20.843936584445157,64.54373440073553
250.25321671612556,90.19967602361419,68.78462942501594,78.57712231660318
231.9460785024127,32.66903610109236,32.915174728372975,54.58499842042349
21.84694973001973,14.007364806847987,50.51835482082996,44.64619809301831
71.5163167627141,99.45493830671334,31.089225101129145,68.03380083184288
183.6574480790232,17.152544695334566,64.8793623650746,52.114243866021056
254.44491706098523,55.00531160747911,7.040838900219466,59.31266949975782
190.6203710985839,91.91230147719942,35.37635365014515,71.02198392607924
278.107560436201,59.62264516902936,32.10012463154996,63.98774251161491
146.9265522712039,12.256447002116651,53.27769019417548,51.77701299394122
225.85818838554985,85.99690885817505,19.10480498691291,67.15546204645123
108.00210275892606,46.556333394473825,54.60445545714662,61.61695064338463
31.665241085509123,28.233676174779117,27.86027843266707,46.92917822191918
228.90268197724438,65.03632290529984,5.8433473207236,63.889630281369406
102.0611310637218,22.42096198234959,79.14228717479277,53.91170502204182
139.1509366666094,97.36236721825256,63.87125153370839,78.00594418149694
86.68564480339299,22.99424036915773,78.879641190639,56.02131368509019
100.53506656555278,94.25794539735112,76.16634868138065,75.0329402939978
237.83792066221633,55.71489975316382,40.85599405696039,63.35823717717069
22.623617407252087,75.88989938518597,27.377512655934716,59.29177916795162
23.319640401538624,56.987452617754535,72.07059167339655,61.88912076818744
191.89728413282364,87.14426738338534,6.492654807534202,64.52137430317676
24.475378977888106,15.970984449779108,20.53885997417158,41.05031770884557
199.03574570843037,68.57798539880002,46.12162635982335,67.7631461095018
54.92357759166065,98.66093261786118,19.66691306815759,66.94419764105658
145.22176840289268,49.44721722345535,33.36530145935199,57.52586004966996
186.48042787173577,49.196252921925435,49.556732212699536,60.86303594357986
72.93633697505214,8.046848195192098,71.55744597905856,48.234776508540094
186.5626221448352,68.6407743801052,67.3452275050411,67.60396479057422
38.67432786429873,96.76890508618663,64.11564572785184,71.39748638986842
169.0632886906588,21.037946999716073,50.60242797272718,53.10544215465028
185.78272466128905,5.279973601234753,63.19776933195636,52.32360802625648
11.588919928906412,32.04190422778099,17.231464183531745,42.01328901246835
297.28368605116697,48.65863499642368,67.68943775163368,67.47689749243702
37.96910458280942,23.293123058829067,28.041363662847044,44.329716038431656
140.56645170077226,78.54165922545775,17.558549151276694,61.21391871717006
54.974420519658636,28.53054389546195,34.276157941534166,48.3248994227196
22.359101714293306,19.52781315715321,12.065292741907736,42.379553025620915
155.4529869533374,87.94968415725654,70.22922683647649,78.4362207967638
182.88426027362567,29.7605636116148,30.563837470030258,50.80071365096226
79.34196042075536,95.32964132418007,16.829951888707463,64.0433920841656
204.33831657115257,31.37508759628051,73.49996518759852,64.63964821237708
229.7866005800355,15.053474808205825,12.561652987253034,48.35433529938922
266.72667245243673,56.5559310990479,65.11836720610629,72.19612738325853
160.3001957657167,50.21237330865291,64.47617581555781,63.38118397230695
165.05261400525131,39.16938960469483,70.29214265968893,61.68086995098371
137.25737644176797,45.77566355579598,24.565944208802303,54.15627084589415
166.57826472548905,77.44245716881827,78.34150870281651,78.03061629919144
18.360915150330413,83.12963010664559,38.45367728199932,62.30322115255826
178.3936601277191,15.501388333587911,45.413645154287266,53.4778831310416
196.26698105551046,39.79550163519254,22.957390321350843,54.81923320498446
299.4430091041535,67.12237543012066,70.32073871238795,77.54052259944851
90.38982975042792,6.546510813111004,33.01451945376384,39.66349660586308
279.6604608605743,60.15778166353877,75.72443312037424,74.63483210174621
262.35649725091207,24.759827183288827,11.719537779559303,51.07234745094899
134.30828919996193,52.08359411922183,51.44991840183036,59.74380283408181
239.16018092372377,78.50816655009216,28.80489978949549,70.20131113567741
166.0855467525947,73.07025080320224,53.94766177914854,68.10567627375761
41.6507322826827,62.07969200455931,78.23630240238512,68.42001526109598
29.807359643855527,13.312996648275595,21.799844165990876,39.76734848616108
84.64710169222926,19.23062255674038,77.49239250113816,55.794357903425464
96.49664453273431,43.127814329512155,10.065279747546711,45.18874182640057
147.88350889107068,96.05238588592877,76.47235881409961,77.08467112827165
135.37543862191552,66.94707729251809,56.89931174696655,67.80547229603192
75.67010088904632,80.39039863845464,5.762693822137389,60.15833419472615
201.6741011453109,99.13188469591893,60.544673514467114,82.09874165122932
293.6233040545294,11.637908518834998,21.456282635579,49.93923654673159
186.97704338210306,50.12670698243805,60.341269748594726,67.15367098502306
27.17948822000099,72.31933690491022,30.533469856490488,54.96126838081741
115.37455441605807,81.19175098383198,76.88214937265634,73.78056426869206
96.79789969396622,55.22482214989614,49.93576363153444,64.27245202718754
55.94867272381135,39.959059510470006,59.58497063573274,53.1927816167999
50.13314654956113,33.78215532031217,19.774953428064205,46.22319057797526
75.65298279803167,88.64622137268763,54.889496235421525,66.96103738656872
176.8459577050157,54.3486666170877,52.91526427943028,63.0657328649369
84.56269333220293,20.934992151406135,73.61171073150189,57.71043816721387
291.16036781252126,80.61800626917993,12.984755338829189,67.7870692390838
39.46602760834477,33.238275968840036,39.09283380890443,46.41216766120911
81.94348628096316,34.91345473385663,47.171655482591454,53.614056276817564
110.3043790675932,7.565178941082611,48.26502669107245,48.59137064362345
34.78566478630887,34.39599517068004,69.21571172840143,53.707961579982616
246.63276484915065,75.48040555853144,24.49169175873715,68.66900123713229
93.50665423945415,84.53119707165644,35.039581834994884,65.36917901608794
128.96679642160174,93.59364608036762,17.962199630453586,65.92019809825177
296.3696396959976,75.27033781075257,49.722431976630816,75.73389639069131
261.1798034980943,97.08648976342327,70.37358317448069,84.39801006416063
96.80377614426432,17.69299135026612,40.806206583403345,48.103066585044274
15.471825353517847,7.664173671619772,11.719189084973824,36.301565141703485
32.081880774549106,75.31336338515311,18.942324396242263,59.74772583832487
192.53074175015453,51.87873685587017,23.10116648270539,59.59842357899188
197.99692368616962,31.60888364262236,31.93219965722981,54.880220150484206
136.19112725180202,48.01347466166573,71.98172324463313,64.20189289598775
63.900913856205456,35.555313679533825,30.88400702469594,49.13012865020376
169.62302130835363,68.75061401038259,8.237641288978235,63.05643365492108
265.68738421772525,33.766628151939884,28.991574838724443,58.63508212759043
266.77051510604156,10.111917671796654,61.324418758503064,56.15679477975009
64.01646990220115,78.50858084561818,19.143429623732285,64.9739270287799
58.89469433816642,5.541534322564182,42.83761021598896,42.75625955786458
86.31170482106546,16.78854018894682,49.84817118900823,48.95638991293943
97.74891231588768,46.690161302469384,68.8255387717789,63.74440766966996
47.077651124057795,59.83500568510192,70.98108470217652,63.635956865873986
227.20484421735844,60.65684525583698,27.26795329316948,63.47803778736903
181.22910976197556,71.78392985464058,73.43244265299022,71.56514931478085
206.12252029277323,29.162045435313427,62.3516991098838,58.910193670366745
40.255814152327545,46.28734309675305,30.449299465455848,53.022040145217034
90.05990681853983,83.48444034547255,70.42035071907554,69.44741787246853
94.13238002476456,24.64717780269083,5.002443159120913,40.72988400035187
44.68724730128749,42.143818656616645,16.16153670542343,48.746782821820034
151.48910899932136,39.77802293455624,38.63627526551961,55.71087002600903
93.32003628022244,77.09870514413916,11.95752864182497,57.70241597206564
159.86086421974485,37.66726825912915,13.711324403080395,46.777201337116374
27.665390816906278,90.26755947485802,37.84274943774439,61.07534346816196
214.84171390556546,98.43977619061859,60.60952391434451,79.22812906099603
256.901262051066,25.15957949190156,16.17099898389312,50.78122022530062
181.1502553964181,38.62964052353124,70.57514516609567,61.22707432652014
51.02823795885993,21.602192667463303,53.78834151959393,50.14040409510902
184.74747595239396,27.585934795290036,73.0358967599895,62.114654592837084
44.7853431214289,62.64363305269208,78.42973171789241,65.34527690791893
46.402901205764486,60.53475446199326,25.913345884397987,56.09174832021213
193.6334922104839,36.51057170763012,50.545238547903125,58.21662545925342
38.868431695066995,57.845178971374786,61.21762582542827,60.3698194257624
32.87775705128006,33.597423144287035,64.53286231441088,53.91823597236957
91.45298610803901,66.2761968483597,72.64447405749641,67.55666779135669
31.347937741851272,71.19099908853366,6.07046976448367,55.665457696917954
261.9213093259888,46.50270589786532,31.565201167715617,60.92764438663511
179.42243422768672,91.106783631772,40.66022365920676,75.75464111004968
136.8885644119467,15.941549382430562,40.304847533637854,50.29409418505601
138.9835214657599,32.507650739589664,30.20773457172286,54.26275806422159
240.0391937564084,32.08710866773012,77.46834717514085,62.17907990441074
208.095026204948,21.58088729407079,9.236447682740177,47.731440561983376
122.26711375829667,78.48915913807633,63.82178675508426,67.60160218149704
219.74562850326618,28.76602023233915,25.65325728866063,53.55443107959059
293.4974561834553,23.400601711360622,33.72338414713131,55.67677736271038
15.246717759464264,64.84707843451613,15.54975173803909,51.49156512819049
278.5236241355071,51.49815041512709,52.41945364809189,66.40843745575079
73.8489178282972,86.98861069231218,24.32283336649972,63.666483283193465
256.58534294969417,24.799311692813113,25.420871887057984,51.09906403020612
266.303385810809,59.87792791464287,48.27155278421338,68.15677980346841
260.8528002655996,67.03642628148339,26.999063143067826,66.1460152432706
244.48533658353185,30.268995327819965,79.00887599242304,65.54596759998618
73.8717904082341,21.612599832696482,78.76386677588069,53.07396242991763
27.594780282604273,54.22284377424574,56.74114171135146,55.73640046318819
78.64859331681137,63.20369271231463,16.786382129503206,57.025999268139884
189.3105115696997,59.235801124631394,45.16165753108971,66.79541188159104
229.01813798326515,59.404214449720044,9.024210958209267,60.21765917273305
137.47053476561686,52.24884888061744,37.729632547679195,58.050791438327636
289.7316902182412,24.548560372446417,10.158264868793708,52.16303313211553
291.82203831306435,69.54375922000034,34.71682999020224,71.05078670361301
279.76280743501843,53.067265200666824,68.76772836320922,68.17867459407977
159.51340412666963,84.68709481842147,7.938900005246067,61.92510596662963
33.259458867204344,81.31560274399538,60.15063354986479,69.77551141180874
164.12995839510714,56.20325058875495,55.89827274926386,64.21008297578673
138.98170022483083,41.29984933270054,77.04864219196898,59.038904757440925
131.72977335025865,54.36388126634546,25.769383520986974,55.75053958061147
256.03564806768634,92.6353427175507,35.73490691475703,77.86001547571914
125.65545326994857,54.869312540580744,32.173729141060115,58.014231335130994
38.60094911595748,55.96235524421386,17.573143165610603,57.10038161575869
290.42857490837633,54.339425465750395,51.25988406793652,66.68207473926381
285.98943893464656,97.43592458878665,69.63328222009986,86.1553365802145
246.01235231617636,90.1894079808135,74.72524552254015,77.22929953563757
283.3944111636323,43.62779625627024,58.346660474654584,66.5191531305421
71.73397068798249,50.35992935234832,43.4093349770686,59.38849708759
140.00710493940855,34.340182032630196,60.578480446223914,51.33290118367812
14.289413877587851,9.281298449444021,70.32831253347209,46.55711473721557
199.3773680734065,95.72501673884172,17.89197349746759,68.85669994214878
232.0963437901724,23.36593966803023,60.47981390686383,59.82803698562978
215.88737821024682,64.08402817167074,79.41030090371585,70.24165510937874
71.71637812242565,88.00134946886922,33.619510548070934,64.62139601024843
34.803538220287024,32.42314640118412,78.81701068282437,57.44810176451956
235.88234124777534,84.8247611010054,21.232209205022762,67.33244549906604
47.21941547630387,39.163045181766485,25.454007655823546,47.33483561999495
209.1262401465625,74.70760290955639,25.882531717384715,66.51473718898171
264.0626545836973,15.947851654207787,50.27540705195359,55.715394002589555
257.7243993693641,37.50147752974706,67.49301008335567,66.51775243594642
62.97301920528976,58.7119443669772,79.70199275054651,62.062309995007574
278.5491261076828,53.00248064937233,65.45352213636008,71.11495079572236
247.84321064158115,91.80522831884531,32.85882357766029,77.98095904899775
103.71388637318975,72.98539463885776,17.027993050228645,59.0317242626869
83.0975100041883,47.54152522790227,71.76648505712298,60.14820465485686
243.92286075276658,23.160249027359523,55.744789253635716,58.213677760491834
138.47307218153549,69.34307901965055,15.67806813510088,57.88782045204114
157.81420654622957,26.27779053070044,29.931414510629196,49.07817139372034
18.677845997111877,46.98032551999472,51.272099925184804,52.76379608243728
255.46620519135683,79.7251182313502,39.2856902965224,70.2012807432468
252.1126809399259,91.56660208243666,30.46317165459507,75.2171966809517
212.3959636055224,24.278424326793502,41.367429036860955,52.44376065105821
174.56425442238526,67.89807429847217,62.32034953570467,69.52757426233296
236.2324362608904,39.20761030958951,67.52985380058195,67.06877160031074
33.61027988070981,84.062055082413,44.58028421376399,64.8599642171728
179.15176224691194,39.189371622540286,15.510324020915615,52.4577516968774
89.18398304139937,86.89440428632014,67.52055114370548,74.07788557857093
241.86035161493135,38.55822999258108,39.535903723956274,61.55756645801078
233.5678958844017,51.64162300202503,72.43231294305203,67.60449070246224
83.41598800816448,5.046199036943399,70.47588609049656,50.06514945547165
152.50509188509304,97.15494114687611,16.278683807853092,68.11441647418954
284.2642727231966,89.55981793544568,31.640793882683706,76.21404254919553
10.671144044752486,23.084699679858872,28.00778520336354,43.725107415891486
247.9814817369222,59.88785015607541,76.50806668373589,72.13065544406909
208.8719327627329,92.29162630854087,47.435904718404544,75.53127836954945
162.21392890999536,99.83258893111412,78.67192981530602,85.1458496647538
143.54027007633525,40.00256932716536,32.35393005984349,53.34985866783656
12.649071780307418,75.44031955313409,71.35972519027966,66.93674170517363
232.20167318912678,36.639732551692376,73.36169869945915,66.94278309803144
70.63428047421921,84.47552946321969,74.84591732434988,69.72963653880385
244.2611694291044,63.47868001418097,32.124566794252274,66.20229155767038
144.8930031576579,68.25067350233422,28.078502029526252,62.500702620186885
211.24000309833744,63.3047582296487,10.45458205498466,57.67098735679704
21.16762918451723,58.71770691778377,51.676005642574395,59.12787096157808
129.15478167364537,72.02093658609442,10.319923867352902,58.50503325760176
222.01839995746175,13.293605346334443,47.122434032952405,55.46339895689253
282.49677197254755,19.345135907293763,29.30518813174438,54.747651626417536
74.09022688853776,63.424556346952,9.211477752098608,54.824393359827454
85.98419471861273,29.684075472379575,75.84032357017739,58.46800161249891
199.99941745817642,52.910689944099694,68.26856467352354,63.92256504884609
70.02366354764162,69.98760418718537,62.639996293580445,68.20638800236048
112.36197036188487,42.18562885192595,67.37152884816274,58.61504340073189
200.61326834208597,87.08631055027243,35.95785161831704,67.93309866235806
62.55460551047994,18.69370552423748,22.992615270691527,41.24044380057974
147.0165421812266,97.31817217593293,17.81301402121921,68.52839566919002
212.19111784390637,84.53085806885936,57.44069101128021,73.06281760823552
124.47593722330359,95.60309428957807,63.845538843387644,76.07228498859851
51.244099348101685,5.9607704620057005,14.418703102972259,36.94062045348818
271.45789894322354,23.745568785039904,76.77088023173513,63.22298727154403
31.03534635407696,87.1545891204749,49.975483201166696,65.54944119026086
212.60810777870483,87.2806778461196,60.74919856560931,73.28237658468709
152.24242964187863,80.06980143820056,20.274130625745414,63.38362767603715
257.9952778725204,55.61439249220423,59.13565966296394,69.08040739435724
18.60072994129629,79.53486010027834,5.545422047656705,57.053742258711104
126.60572629185835,54.09061312480082,49.663780660542805,62.396922678792656
171.04897581280932,63.033541926577236,65.59859121385756,67.39669864824239
138.68744314387374,83.09989252636245,8.712259158144423,61.85222661667879
245.70382678876075,75.4465307682676,32.76427485408493,69.0568729340476
210.232886882533,41.13564070018898,16.052568458264922,54.04125362074902
262.1003602336747,20.893320847300224,56.89930216087499,60.68487656501952
94.05615348933506,13.399674222346377,55.75192472721089,48.392632309349544
209.00411787355205,15.962626708989568,34.0869818883134,52.82797368472728
54.45807611776367,36.694898544323145,34.56683801955304,50.356327074067686
294.25072579548055,85.05457811650444,37.39478082286692,75.01928116827187
296.17824578348154,14.067966018910813,76.80296143171081,65.25045441091567
77.7696355278576,35.92866414837648,26.490566836598664,49.84418372986336
139.211861789353,88.09954334001362,61.91152996588386,76.52021090497004
120.73588996725377,58.653515817503354,65.54226112358545,64.62841958013163
98.53820584238949,10.184759992896202,39.51772266527592,47.34605769759172
278.53730113072595,64.55426900800381,54.98002681678548,69.4182590604099
229.6638751693451,42.69938013854058,58.52137521349181,67.9478344306576
230.2799067907497,70.52719600124274,47.644867305687356,69.42125480440754
277.892780531101,84.7809429782908,27.844295224476408,71.51513309865643
188.51364435297307,73.30517472320494,44.96708363067833,66.72512300562606
31.123576896963705,32.600081771489165,18.608430664345896,45.0111808063958
63.999804596785715,21.801594173071077,48.15409462384279,45.17649829175979
89.37223676814457,73.28207294338674,68.32086869919613,68.15470379893634
62.70531987373183,86.88285078760198,15.811947190809102,58.27370247583349
23.578527916804184,20.361353008458458,36.06143790641251,44.48716140808048
115.81167059393093,94.28699020385052,26.29763013584049,68.39231591455275
65.82553640941005,64.46873678987092,25.107106149569017,56.96230112398461
122.39695188916004,24.34212127106651,30.239989515211064,48.32421678611394
116.45777671824268,23.214427594162075,20.306194144602557,45.906490851045305
93.831850844092,64.117215766403,41.5146765124704,60.186187410345084
211.57317699950468,20.589307344393053,11.643732426575285,47.12640097974169
132.833214530299,80.93089897889718,71.01158565037542,74.54803983397257
171.50210367424245,70.24819049485913,50.40945544060087,64.01592644366619
150.75653461084121,36.87176445496064,72.82054354109232,58.51249133235058
18.230546298946923,46.141836061539045,16.526320444646615,46.511313075360604
112.62351785906857,27.245411404515412,63.07743499652038,56.7676180045425
252.28595818800147,6.357255701281561,71.65040372441257,55.30101547166221
266.5894547524701,81.46903105451955,29.034635965077786,70.67558994778437
18.56107674886173,42.715255443343885,67.12959000647906,54.988550100230995
263.6448794887729,66.17398131346863,73.72993438181291,74.31715313590165
37.895589640332204,31.276084185937773,57.561923518079794,55.26338277936583
188.97163707728532,75.88553095853716,29.842448887899593,64.61099675922007
296.43311565821085,10.74644400433085,49.598859784186594,55.70185193086709
295.438989725155,72.21827528025595,47.54046799640409,76.70887002074477
220.1441802827748,81.35439524032661,49.10255102862383,70.0359644176144
202.1717408128968,5.364372926257521,43.22741356890293,48.78457348359299
73.30710557923284,23.939238649947765,44.03189093098201,48.37724569250502
215.32861448671812,92.61877573973153,17.79409161140617,66.92363151392209
239.81069114507557,5.416182765568027,55.72812139713562,52.29148555286758
151.60957241081275,14.749270331594186,31.46115519277105,45.69137180158984
243.36389370560934,8.512210579638158,50.23996791194192,50.189919326920474
255.0334795433442,93.79042885461809,27.399009060228302,78.3242864557244
135.53717209893927,33.303261158536074,57.86056516117748,58.79263332263727
289.2404419156325,22.39989213103404,49.8002058727806,56.274283876639814
206.3738517977839,55.714267403599926,59.335898266073286,63.8549000497486
138.13403115201024,85.20569303497234,61.153524462070564,71.1352189190471
98.21129801727287,96.09366191336154,59.48495017394228,75.37084637372615
71.07824717756054,21.018903852641913,70.43594533736776,54.713452614361785
168.15818351825732,11.467374890374687,77.14868108282198,59.41647767533988
192.29888865627382,75.48305840423423,40.0949670179496,66.35354366066545
118.99565465495596,18.491520748312844,25.40018079918823,45.83899296538598
224.24047489293648,28.896624608522345,42.67628098915428,55.70528427378908
214.45644203584115,51.07751288870672,11.384517426179151,58.65010642234607
139.32841199108262,28.931613875372147,30.482851055316058,50.168211504473106
191.46761098845502,59.329548830914035,28.57802553058579,59.59223374297076
139.23318413790236,40.12598070784581,49.536722749919456,55.45357245653443
32.52987259071635,78.11569310205677,29.60972913469945,62.83941822932115
227.97508829485201,18.98705339547633,55.74663320181595,55.84793762712081
263.05727697430154,8.941649683880595,41.72490802299943,54.34228447941085
86.38507555256614,65.69053238708983,72.18268587996604,66.98403596836447
205.8609938999668,51.91684594965904,14.24453680949752,55.432522304222275
61.22716717548407,54.21878659073977,5.762874850159079,52.94978276173151
53.36027001405471,35.12254672508717,40.39864640515529,49.92373060016146
79.1578592772985,81.03339606574261,24.59331016427112,61.44667513461903
184.61686014906948,27.875061924083997,36.81596934597064,52.86474483485632
108.12664087119587,86.89705863639735,78.7513197335852,74.84746723287059
56.34342936531194,24.301761139660275,74.90802051339912,53.68391271830401
47.70298226542536,71.31284399110608,32.274761274595264,61.31082639883731
261.02823489059244,72.796615234927,56.61409653191538,74.29521576992796
17.607178379458468,56.32941197151372,30.05810396749094,53.18260418473561
129.21313006176746,93.48314251290024,35.87681677916184,69.30572427105804
124.80127184454483,91.66726992280573,9.376279214328342,64.38966992050206
228.60834632486,20.515333293686474,14.65666828386787,51.04963778508704
174.22515598825524,40.429939541729226,62.511257579733176,59.0646058434083
205.0183571737458,29.722331725402324,78.00931016371182,59.75641179202981
249.27845181911826,59.161912928740996,62.7650211937946,67.788369968816
228.57376544880063,84.85462480273034,73.74524106082978,80.37929098533802
58.64145839985537,38.84685837505451,28.258391957299825,50.252399465163364
167.0437326954508,54.10483139111377,33.05954696823706,61.01227239104104
130.4145708901009,9.680930981379074,9.28713305093013,41.552520106621586
271.883911981875,7.298465272282221,9.309333690854068,42.56859411093317
136.310857852742,39.92224154744491,76.46969162143,62.383283607564316
278.85408206024124,76.49758265582189,21.17567309193468,70.77779700834975
27.64494820153876,25.394804849637474,21.991979755612473,43.19989864189511
46.48070951980294,40.08645026540217,25.132992889150625,50.55315285054405
20.52711269242439,18.850463591124992,28.255212575054088,40.78202883227837
211.41107360026882,11.966098870432521,42.037243313867826,48.479665519697505
134.2960462223198,65.77532245163802,35.24198601578489,65.38432226096323
286.0915998825601,72.94189847004921,8.847653584330937,63.2548963993305
129.38957204673514,13.639698321070432,26.871248734902355,45.994588882145
93.1634910089974,94.21287584066327,40.60156316955135,69.71918502793086
179.70643532625772,22.326390631026708,67.71723637706127,56.370597053433826
252.13183704939098,53.356673679074554,78.22611023227306,71.43317845921656
220.44943671651745,48.691367749853896,14.678164228694856,57.71392136757276
214.16505776378906,18.46259059086936,28.022624239573684,52.59376101539422
25.7128069821607,73.82647752058541,8.18486616295695,57.27058149375909
160.51248745065115,68.37342057871629,18.078488219150902,60.42682676368233
201.3763752053413,95.92996936608876,58.967152447094136,80.11284179895218
293.79754114231645,15.586375422171177,66.65357257152164,57.520121869867474
188.93768073273733,64.51118639335144,10.633688562955793,58.12580800271847
152.4800575771948,89.72570921519657,60.09854154865557,79.23078270069354
183.56139108434635,83.32571465299202,36.54681838760483,66.05195037514795
232.50882095479733,89.12354179657984,34.87121080048749,70.38409947938628
82.02558236977828,6.814067171950984,78.99288496515119,52.42970899265107
227.14774113269735,11.487857954168229,32.490700790734124,51.81749453303641
138.43464216919403,82.31519956810348,12.536412069479473,63.037337096661965
20.095618367789704,86.98443226638388,19.044647207481503,59.35354733405723
48.18461318880469,99.96465219664039,52.010239571715616,71.33813524796192
191.10155358084862,98.06398572723353,60.075850743550525,77.49836999265881
75.7946302755774,15.606674513250042,51.06883231116784,49.82053636523371
275.9858361227098,45.74951735087903,61.70474438416927,67.94810775897011
232.65038108303435,40.28177761241339,42.66003966259023,63.69116793212693
289.36550259156695,31.710318494809943,52.55377762959461,62.85210415384124
13.052195658401494,82.94137614236207,5.196297517502178,55.44054346487624
259.5912778677057,65.02765783705513,6.78476911709122,61.341752499423166
273.293199389015,98.73202174156224,30.108013813336694,75.861229248231
289.75800676609964,71.94482899064229,25.053209724902786,68.45075673033644
177.1440050007205,66.87448898627449,35.94694403957939,61.78626750284434
137.11946024926326,89.72252457176556,43.97891736767519,69.80559066978435
131.019770523686,19.48591413539717,19.23998077674738,46.484308152361365
147.64785595438823,82.31021778291333,70.94297213585453,76.69735281599763
204.19666154657202,24.77792488813257,37.988703716649106,55.56097513953027
241.1093768402391,25.740500257139622,41.83994529237747,54.4721719447892
32.99805313128063,46.52970429520145,11.552387729662884,50.7445702241859
88.15666712493265,43.34675511077945,23.529526266536816,51.381358806658284
223.15928130094406,69.58068510667266,64.50453323238429,74.57442309547476
144.2492265756542,5.338594882885681,41.53262509220269,47.984507091708075
75.88485875265923,83.82983144716648,24.29730871887695,61.09016918097423
143.0226540119742,25.77340071484027,11.45029532157022,45.99692969619343
248.24728527929994,34.69935981183251,67.33761523054042,62.99938933123151
67.80269564096969,82.38852706408883,66.05194350275526,72.37215221364929
275.94565395299526,77.64661386889065,35.65411759001604,70.90098762136427
166.94252558577205,46.89026015490373,18.229028376253883,52.892192653566475
135.5859843925512,52.70492310501247,38.98981853019512,56.38186466460755
64.43370764959354,26.650460672335452,26.514090540942156,44.642810083485166
88.55505537246086,20.117153643606095,43.16407100777377,42.72985364930188
111.6443015752861,42.55594046789443,36.44828790406001,51.99748294914741
238.15682838470175,81.25696770601766,46.27575870144494,75.87628011618395
150.15718164035417,40.172341747868735,53.37628165030705,62.947431948628534
255.41076977686075,69.61741386339851,23.949421704912243,65.11710919843858
252.77327376867572,46.13909983943849,37.63385796184118,61.0947499098004
295.4744937803931,33.406733940636784,45.597339790358255,60.786760640689195
246.46122713116318,48.1659667757279,16.711795413661534,59.09423969363418
20.16657228326193,79.68712295764574,38.2235526936624,63.33732202522094
84.75656186428932,15.653506163970748,29.382365175469054,42.52397253141513
82.63044189918035,82.01379425566604,61.812120817230294,70.30390537012215
36.102589861688564,62.08359579202112,32.53059935822643,54.90996812225475
66.39966400768023,88.54523775553751,19.883368237581607,63.10101738122077
209.66070385352867,14.23628768242446,21.392831969049944,47.11467020151073
50.234030478026604,51.30887398405049,34.41587972206155,53.861686615040696
212.33176181606692,95.08630117707827,44.32170129089552,72.49738110792913
74.6020971911167,25.564495430602946,43.58569518567936,50.978107644665684
289.88446272069336,53.082054051038625,38.32096966431788,69.05663098019235
248.73619187249867,13.617244641821546,57.84117884791234,56.62512606605267
119.11765863189207,82.06002321524804,35.76578009074626,66.77852635774809
247.51483629625102,82.8241869508211,14.830118202089915,71.25165537071314
136.61449581094865,18.413960960567934,15.923398159003476,43.01716228142341
274.82309216461294,64.17551398107526,55.555075607586645,74.61168569063108
192.28012626668226,31.79613292420714,52.84199255905187,62.85018158897013
82.15583408504938,52.93611221569647,57.395015384538915,58.286159474982966
25.542146068426014,61.72885195970626,19.795860662423966,51.669766182838416
91.86813877003857,33.86258311172923,36.94735844442165,52.60147797607975
237.9264960880032,44.70880675307403,19.585252811002757,57.66496665244633
222.70828024958038,78.04172481068976,28.12876114513937,67.00891512102581
206.31399201504453,50.67861754633164,22.401041154592765,56.76902885593462
289.6238534350119,23.349967172939618,7.27439844327475,46.52658598308889
234.54451555860192,36.402570296411255,41.143991742982365,57.30108933756954
276.5332891004077,31.15343809891928,40.94406598495046,60.754055685303854
181.71110464355047,20.213708227597813,34.05998063266775,51.87810490750857
71.60950677083555,79.62530870557225,12.310626594540839,61.10684230081678
130.76785914362546,44.21261517322793,40.13832414623159,49.9869509599125
144.76231889089894,62.71984851179323,47.977735254283274,61.89890609879466
75.97483658803273,83.69990432871377,26.05390394733615,62.397259179108154
43.32870676508222,42.480190138395685,77.18140036185578,62.86631178052265
273.40447826019806,38.63031493668582,30.638128659915374,59.42636415958327
136.57893463647906,60.592426572385584,13.807732659591696,60.1671755868225
251.1866212828817,50.90540668135941,20.84269068768193,57.96255805444187
271.79563402584336,15.94669723690883,73.14156821275984,61.586341832671756
256.9686201482864,54.40872548976897,43.1954665711181,65.95193314531045
67.47821649851082,98.18465572971579,79.74902894603349,79.52312221742545
149.5195329327986,8.529984760068675,78.42555187621505,53.96638494821184
114.30012648073529,34.58224386602804,42.749257845983024,55.992645472449055
195.56164049830454,42.0842016166374,52.68524323914368,62.18738882309953
142.66039195798174,61.668329563887546,31.720295719203886,61.14640530813067
237.75565003747957,71.99482707026041,63.59966427427826,77.20666822126029
36.13874745622308,61.61041567337542,42.791869519945415,60.397395187513624
37.13921238023712,78.50465679448271,47.34025484715716,63.21040362085658
149.491722354985,38.45875415968205,54.32718170625086,56.93591399236713
158.16312577012715,89.94322809757854,49.393712815295984,73.83021874254374
253.34630858566712,75.37755472077522,29.379446723005827,66.55604944968499
222.81148915531213,85.0133664449798,23.554378075014053,66.0939821396415
183.80327389540008,99.95072931131342,18.131107280289154,73.98346404242452
230.19261510212803,21.255664192834804,63.049401921003216,56.1592475808546
30.235743751583033,93.4798456396224,17.83647274985244,58.88193569335912
117.42576218370594,32.830616406178294,40.945470586379244,49.45404093685484
228.19352480197142,79.46756740830791,29.733969357388162,72.50111507323457
133.0127886197376,76.6502323029266,27.68174792667675,61.82335884100888
294.1333351915694,86.53437524050737,22.836171452856487,73.508274098032
137.06783086865335,76.7151693797726,6.433786420863484,56.98801865245841
103.87088858580016,98.2008765446121,39.97275211569928,68.86441920147107
284.0297104026255,42.77114409402747,21.98279709149693,56.50007329835665
241.103418660773,96.53919881373871,59.95939918737745,80.05878670653738
185.84680219059481,21.57838825767282,79.79257197441777,57.065103753370494
190.57923132625612,48.05612756521635,52.066621882950706,60.650294359298826
132.15400656435935,15.282888150595278,47.72877648491832,49.98517081274736
95.02560934257167,85.27311420940919,63.995056363315506,73.8947019316152
160.6458828728478,97.65239522762097,9.223226170176892,69.22429705863466
127.43303420728418,13.271067374961746,36.09793777331394,46.18911831320308
131.49757030805387,66.35366721444322,32.44995876218931,63.09484537368651
297.75829180220103,28.845476470387368,79.78915918603292,70.9086912968761
210.3497965958882,57.59392937686766,57.4005520784673,67.86488144776308
271.0918078742649,53.85621670837714,58.07619806466465,69.1997884952334
213.6886209848973,57.53035707239399,33.17043232241163,62.21603770601398
233.63703797500773,22.821037484301932,66.613504332198,61.46362883388126
73.01956788811233,47.83829970613898,31.40165099996126,55.582308521386736
237.68556281722852,70.40101264171061,8.278642522080109,60.11309837526369
101.90226489364233,45.16970373863037,29.843587719901628,53.54247037468886
115.10275299989314,65.78091296198575,31.514451362329417,57.82309254539912
105.7158186192393,54.44012893744206,60.30620089485389,58.975302491778535
19.656390014939344,66.40559755924362,71.85704544517162,61.05737657125665
186.4737689953303,47.840921942748984,46.16286387560041,63.87209795475987
288.11077407540813,98.62783359847299,17.714310257012322,70.94307609725234
54.76405663773157,73.46996883243865,6.6005507157212,54.01155174956101
273.7819269509101,73.99720432785274,62.51310190078153,72.04762135241772
83.33299507980895,14.926806146072034,45.86998910171372,50.256984938441406
32.209303155358036,71.5109446637262,44.28159215880978,60.54664096576279
58.29616685187769,10.715088091593733,56.066454194492266,43.610831987841195
151.93874168770432,92.01543725238135,29.257432253804108,70.3276818148548
127.24124332638368,47.255634273182025,71.76706499101061,65.39313057260833
78.19700811140922,95.50125491334697,13.650166684655867,67.1346285404349
150.8463385411109,84.34668305394858,20.09709370270541,65.0057704261433
76.77386360941846,77.27874606673336,65.75949208773766,73.40604463621285
62.01790646222175,48.81581831080349,66.37258506151946,56.3481927491441
196.4245626605583,53.76656860448351,8.02725929277523,57.14299081928272
204.19013651464343,94.52731142168737,50.29847564225373,75.19013296318847
81.52806741480238,48.17760295098995,56.5823851001442,57.244159450797845
30.02489962911812,24.270399407328508,18.487099521208275,41.60701722036801
281.6403149420176,35.54547523903297,35.20448267650493,58.550759184598434
197.39096304690844,59.15620629396292,52.990794520755365,63.583162536535674
203.69921557146404,68.03820993391352,10.510544312585814,57.916043690993455
131.43473595573226,54.36377141293963,46.7264623622866,59.23935933710252
133.98937733103543,6.64363482078266,38.30758591505873,46.43821280491732
174.0496124398823,53.62424519953673,33.420586812067505,60.997177597632316
19.731332568709355,46.1367786672825,25.46158207698134,46.0066186712914
202.9848835156093,29.967446561730227,61.69109994132703,63.890853187281145
244.40333041551534,88.9551596330551,53.46581287963726,75.59703570326181
270.4938474305336,82.16792088276567,48.73743873561302,77.10672655722635
231.5713821063503,34.464504044621115,62.00644679728778,64.830960563421
139.2952895454529,9.299009214968969,9.827858293443981,40.13099094472471
216.9962706215942,83.957787569485,22.110030526528202,68.36985914300347
222.0091253007316,71.73873299487715,39.102094175111,70.99936466447465
119.85197446804203,62.19843238116569,44.36314785691595,63.94413447642685
171.29603224456687,77.27570899127176,46.31545947752135,70.17631189584782
207.3666026498094,76.56911237334799,43.43081296648114,66.45909511568243
213.57085167707632,67.72188389340336,33.27184970493772,68.38593044298736
84.63771086572017,72.32858572895195,7.971011763403747,58.919537406388784
153.0736416161533,69.54424166938898,69.98840977018051,70.72853265638838
111.35724249550798,46.337156302387775,31.12249473146512,58.46487440099065
240.3415839673295,51.075347830055144,50.83455377631353,62.98038219824274
23.07767125841095,70.3401150897222,52.324939805491354,63.074092740248574
299.1235121372243,74.57316559157688,57.90259253623315,75.97171083222145
54.66969698035936,85.20462561756062,48.95110963433286,63.41804891452883
133.98503773923687,47.110513118465754,57.690956764589295,60.316116728249746
29.802791240238005,13.062893817213137,70.69697308760429,47.56451493250078
67.33543809962542,84.70726997422423,78.76017135796886,72.96027268585203
34.740535337104,99.84374199060377,61.86453853125152,74.7112404913172
257.8803210414161,50.46233097026913,61.23260095750647,67.89833785965494
19.803489327755102,55.8069801590665,71.83405915557013,63.82464210469657
23.253855312450398,88.55729062196384,47.39442999579884,67.06033729988043
279.57592935586786,95.60880711024083,67.45848225323549,83.2453853494202
293.86551444484456,29.107117289249434,58.99342599835239,64.46070026288008
140.74135529928913,17.097552321304452,53.18098032803439,55.582695553295295
67.05114244162795,23.423875504917966,78.0679136301869,54.51264116238247
194.65477870580918,33.92406878773541,5.019279224849517,49.63895048809361
66.84569799544764,86.88693300601267,43.47208946144164,67.74549951377995
104.75739102184319,75.1883159837541,46.797563315952644,63.462874960754306
255.4351829176154,61.162791792003524,20.20793520300455,61.869502649593855
29.254864957841,73.87151693921874,50.249543892153845,64.65279779997596
230.79357320891208,81.65853527530736,22.13695421672656,67.34919965988644
151.83856587762034,53.47031640620899,26.863694655160028,60.237507881897606
169.61211865796565,11.364432940620837,77.93069621865399,54.07754123115724
250.0644527930427,85.577189945636,42.680327922335394,73.77602666238633
143.2728529393407,47.1865072191594,14.090262522353862,53.04207870522818
40.66105255295904,62.10324112054042,65.8884857131271,65.82212207878284
195.82368352132607,27.533833684054418,11.342328792467184,46.2100504441071
268.22109204875454,75.33036908118449,60.25048689754312,74.48529408856848
45.454931569146,85.59025122795713,27.646218760044633,60.34738706400836
10.968729936963255,7.0721003127473185,68.41807966840842,46.35515541361059
212.10432453596212,84.33486499171009,13.186690081026418,66.73695826229086
81.44367306241921,69.27676248561679,42.097729311860014,59.6087028279157
11.978669640995902,65.56365260322045,10.46175664749777,52.6972061496994
102.79056511095597,63.35612004641548,69.61888333389476,67.55531455675879
257.75515090775036,37.718455836726555,75.0450285577503,63.627718449897
203.45153134715727,48.22056453681657,58.098647219864375,66.37736325047426
116.97659717641585,84.20260727906387,69.8994632337877,74.82280483819807
53.73398586503493,30.76202330620944,16.870436908201867,41.61236978734816
47.25421123152562,70.44460840380503,39.22097100788635,62.10913648272205
297.30461427646895,40.43364901365216,48.39974842181581,64.05311314040125
262.12147586396685,90.45862387533037,77.27695648335238,82.68897926044349
281.1655055028069,17.696143602417365,49.30370622303056,57.38138716265005
176.1274887824318,6.038450216306687,38.444660864804376,44.93287614273032
288.28333089912786,24.099516584259113,73.89999578467324,64.64801406492484
152.12510248354508,95.06153290153678,56.303219314015486,79.34716622031581
22.054203599580333,55.44669955787614,74.28293352763448,58.89207289069083
74.82094766227524,69.67971605724259,10.14699179315759,56.315621276762656
26.845860127851747,5.373338835195047,10.974469479291386,30.26892242170036
209.79703363440066,69.64553967118687,68.0968968655238,72.64417421875069
110.96325166464037,68.68570663983851,67.07077377025263,66.02818335957116
20.596710880640423,22.66900084938173,14.852180138081271,38.99423333104589
293.3512008939862,23.161482172240998,47.129814707190775,58.292411905771
156.10261781756407,75.54244294633585,29.21934751671487,62.36539260543061
217.22520070901163,31.33151861761535,27.129952897605452,55.112818094882485
81.71027930896942,30.098195853306667,16.706038733311058,45.00605382489204
144.43825385312635,12.55132954073332,31.089639551977402,45.60642497066678
211.64857270954548,83.57367546598142,67.91800527647862,77.58311873588548
91.52755136360963,65.0930637901001,70.6750802040276,70.53738249903667
47.2222062379832,6.929473249049078,49.37755400622962,45.43434704533769
21.90423333975452,10.624720896235273,35.953648616002575,40.14208630299193
43.1959484976904,37.16480357084234,15.918532987535832,45.589453823608366
96.50625653595166,34.082738712067915,16.142194598155044,51.482297521109814
76.08989690529756,88.10236838488856,77.24542621147536,74.41208658312539
176.9271132656806,59.098745541819426,71.88834205447446,68.72916494105681
77.273003751759,13.893819984690689,76.8688274690162,54.48752542447549
45.671264169116306,13.962357046398104,45.46242624325787,43.33208138791457
151.1334117313255,65.94309291184857,79.135658504645,70.82753283579783
24.66786402693978,40.67025015253903,57.2241571601598,54.71365170518848
218.68691403308873,94.3705185746929,58.163565403691685,76.81119457128217
148.62245506387296,20.169316263610057,72.04917909259245,56.310984319152226
258.5977237778345,85.80390351609446,62.306327062085956,76.6143110644486
290.0637252323093,22.297981732028592,60.59607817362356,59.861364200413234
272.0375221403298,34.54541955685983,9.951194729192839,54.92595823544652
194.27551431194718,72.42805745147774,65.7827132736319,73.94555115022946
84.59568706031219,5.865238211200612,21.600584899514985,37.749833556511966
190.06297095186375,59.70699620982364,55.511141938494546,67.17328152154056
99.06035983407513,22.06122518827074,77.45512945424139,55.95356080365369
144.1569650737959,84.71952552633606,59.968175432851766,75.90320097104771
267.41564476501173,64.69046066600035,51.120280013844486,71.06227791452011
151.03505108832144,65.43747506896969,16.42973949597593,57.042110648889945
164.47847863837674,47.83144717432037,25.95292440579643,56.63227505461202
223.0363574420006,52.68945205585283,68.18826026359883,67.82562306513094
262.9271195188367,97.20943339488807,76.6159141338028,86.52998272785933
176.4596486595742,72.56931019166171,26.695769729248955,61.7830463229284
168.5407290380966,62.24968204934246,32.33549750614326,63.03418623895552
143.8501512557658,82.27269722059093,45.82188488153476,71.91736351738794
227.30370136656092,74.25562346272268,22.10900590077436,62.80910473670364
153.57239574962523,15.780201159610868,53.286834379161306,51.61074779235503
248.76434304221294,98.88937045854858,16.58526430231,76.85943213912182
140.50227135775214,16.074630764341965,19.438580364646352,43.78955188451299
230.5796694975307,77.59832816435828,62.23080422721821,74.19884249598937
178.85911625772297,86.39921876296198,16.81397321627871,64.81576166932695
76.48272164455604,54.37212955477571,42.01346491414314,56.93105891349644
239.4949187976545,8.961091522964601,68.30741466060593,57.752239985783675
120.88649660451837,75.1796776388391,38.77025512634518,66.80341562180826
75.9002516401495,24.485402190055886,6.794392411226051,40.2453532126232
87.58419244500313,14.94397696762287,15.309097122988433,40.72047791772857
211.4923613296617,39.25663407711835,28.14699656382439,52.883244455750244
171.36130963103665,81.85028361292363,36.342484895574714,69.39612777211309
157.22856658195573,74.78892381358936,7.034564844272898,58.071442460476995
292.06374387558907,95.3823244441746,79.99223087528554,88.30743457385803
162.4957855671502,33.71486336629935,70.79712251620867,65.95199991662085
18.25246798524612,90.15653230419464,25.52580462363868,61.44489932691946
214.12321417620106,55.086749514795635,28.84169151444674,61.21725803342868
167.34984533452948,33.719388766913376,78.05988132472818,64.0062637487407
81.21536880909733,96.01361900517483,20.758286924336325,65.71100784311919
291.4770679062468,13.695485391774264,59.149858668500045,61.47579052626125
72.58442912623886,64.50010270471681,27.782404384555786,54.01830876309228
234.7805611501183,6.388213804109496,44.24966539219547,47.37920694891761
79.20238315444101,63.531569892361084,74.14173693641193,68.64313894464462
32.68969054424517,74.63149122577154,15.307882797319706,59.7680697095614
242.56826004824697,88.71464503294908,43.817364196375465,79.42255249520238
217.57238792941584,12.907531746540846,67.20117801777187,54.00938525558912
203.44984612209694,13.056533379268078,7.516702494804707,45.253889597874824
262.1300901707053,27.74082513792319,63.71398599627418,60.13037747719543
10.451375081710172,9.931654439602193,66.93807730065214,43.2684651800553
234.52520205116022,66.16654352588748,46.940088140030255,67.7058464879027
167.89340327654156,87.17351904557708,39.4098696540693,70.39336179109907
98.35367333410296,16.475616273809045,65.45431670178215,54.23547363923561
152.6972565397619,23.425637376152952,50.578134826132285,46.9452851541473
147.67614416466964,90.51375967218928,45.60231763158689,71.59388567014278
265.8742018359977,79.80505198760044,40.620099949905494,72.04230711903527
119.8309482891369,92.6853158435718,63.538420931329576,73.03048339554687
284.92285382159713,18.10470611411827,47.284245940695946,55.44330674163696
22.70050643557054,68.41305614782229,10.183679568216215,52.20807503099964
274.1749922157101,36.77147020024347,51.92663995428995,61.35024827133422
180.0417282293088,70.21648854799055,7.671952598873478,59.282308945837585
250.60017556705836,19.170431634341618,27.340807191666904,50.166483465330664
178.56180870607514,23.693796688752048,15.288432293697907,47.88882558432027
21.87679216310393,24.361821368719973,18.254804532756065,39.72844674270823
54.97195892063505,55.09433370363179,42.42778326883177,55.59935902954663
273.8424323267057,41.108895390479184,18.65576735425479,56.58450887821979
251.09766807891185,68.72448317168744,48.98313777478473,70.08881689492304
293.6561130629267,61.61560320568772,12.84101519580345,62.633004523975714
96.42782160373584,9.066404346955222,78.94172329584484,53.84434752234287
32.38145903534739,85.96468194869558,49.70592942914034,69.39175821223958
287.9823326477038,86.60258109237968,48.85801308049076,78.33263851499234
69.8114967029027,82.29610036207605,38.255746803514526,61.998087375357024
71.78805157129005,84.72837402178186,37.78534538584319,63.841732734510984
76.6669886961733,7.739439419159952,55.98582332070021,48.43540549846863
111.84066905581302,78.39785680478224,10.119556319644014,57.42211098092642
174.29868204008002,41.56228364050244,35.57320899231998,58.20118960934056
159.55443457364683,15.508500100024351,42.34491413330252,50.375032775087384
28.53669421332336,99.8815204461282,32.87484856052896,68.19631718744671
80.07158507519212,67.53288828278002,69.34831604968063,69.19998746309628
85.82428662645535,82.32868722418974,38.886321307424986,68.8388447335598
202.33602567537955,20.874726369935182,70.81466182452877,55.25257916305593
285.66850629593415,28.653465429056304,69.8427405141913,64.97013089618508
226.60612253841137,43.636962368845595,60.261733119656725,63.753251700394685
207.53989041336425,52.72993980737728,15.379863660898646,53.71602015884679
51.33215033811612,46.77294756169765,7.609892064822217,52.6039488997612
269.0683391088475,29.887405282266485,27.646943917446524,55.49131824133475
106.48588596945072,5.999700051717064,42.52843717013716,47.126337842376884
52.71744054765161,8.761840272354188,57.399315374697814,46.63059314860662
17.6811881854832,67.8687710189748,38.590268255340746,60.970385141875155
62.57397762076624,69.69512183939287,69.96167742010168,68.12907815480463
258.2700809691447,55.42379416953437,32.08541427401286,63.173347015425385
83.95441141033712,19.852918444552476,19.664166698955974,43.48810379852641
93.97895275381924,42.8802676780471,7.715000461294803,48.33633566114127
184.69307747820022,91.65262439643838,58.79179635934856,76.47009800550622
217.47614492162998,53.360839146800245,43.86372769775197,64.14223402535683
294.17333859894933,56.931122922943935,56.86362622012021,67.95194749149674
244.17396351105197,93.11116360054085,42.18849868569442,76.0557327038627
187.20638597936326,97.143708402842,22.21284362439788,73.9591004976612
29.50187707367711,70.11019525602276,58.22565893323443,63.92934997122283
77.36012361015726,48.83202103885751,23.131203501491733,49.16955568566149
153.24771613917977,32.2063339379083,42.065867619746626,53.428962446598945
106.23068465051688,39.529871940029246,66.74131072859015,60.78264569410115
116.70193945536165,40.8500888166827,70.25022574705235,60.60177908612154
25.69098366069446,38.76594315012548,35.86309658837162,46.72315421218107
222.53732766891056,63.61995004794584,27.953983596464433,65.41847626911331
119.90596942675207,28.761683210385332,9.446064929213513,44.09635835592193
258.7081263019069,29.930752436006124,72.02117210755846,64.96324276850058
274.8136399623593,42.14594186889988,62.38097361961339,69.81307049990959
126.18803285336082,30.282383248463386,34.94766732673989,51.48759175354027
180.2843502340513,90.2096323349777,37.47123437304265,71.38921811655581
125.41979981934527,7.928174057621858,10.492280598886317,39.673298030019694
162.4043398454511,67.10612319768764,65.90129317970131,71.43175812233054
81.87102948772733,82.9158746809606,49.08019768844543,69.96475475874493
211.90133707741484,43.143019602553316,48.27957485415001,59.80732209673289
149.84320183392407,21.077494016317353,58.67146527650572,54.14266484815433
155.33541882382625,25.285263492441334,68.97557350023637,60.11342012268944
85.59058129123089,78.50109395254229,5.342419389248463,55.827621077019515
227.46427179856445,39.606545142953514,12.717081970644793,54.49943863239372
201.95653991981598,73.55318711431134,47.550580384339874,69.846890239219
262.16862302475874,94.07082783911817,33.95216089357156,77.3737297127569
233.40024987185743,54.93294816273319,18.31665741070552,56.65993187600468
272.96757332198837,5.161013305451297,70.47501770925099,59.964642862385816
228.00820955391288,36.37555971173131,76.69727461235306,64.44378958159191
290.66465163475976,66.3297333026798,16.785856326206847,61.75220799535049
29.53487514412091,7.374084308512438,68.97022733116484,48.14231139964646
278.25770105116936,99.64724313030632,22.732370117572383,77.4862145158377
35.14103402233094,68.77035877255491,77.50128471362217,68.02155081546505
169.00373522866533,41.3455022456988,76.92907683877594,63.495228014888795
239.2721170689939,54.68949924853668,47.64031725228292,66.45686640020966
93.4731814150038,97.20072508195108,57.94737458209333,71.6585284571267
155.27340628731258,73.32368961939424,57.283671270978786,72.35249491231552
196.3436268423007,80.39311622180468,54.67761574363451,73.48774242803789
205.47346055560897,38.476798209514875,53.52591781587647,57.765354524241395
270.6255542027067,29.564259698915905,23.95671502172875,57.54292938103441
211.1648787453616,70.23859658402122,47.52592049274109,70.82897453334847
64.27848126557319,56.495596028282996,61.024077511841405,62.92152264001531
24.183726267968623,79.28041979070512,76.46648344020895,67.65032428932251
187.38818943650477,70.7332359655883,25.43925518181616,61.332422038622965
189.61950003046445,23.819207484115477,61.5882081447301,58.87577785828331
272.82644564191406,66.47312011118649,20.00629073049922,65.29117251257676
63.249206930401364,75.43850574820326,79.24535497402464,70.59048721572879
251.74524715585727,48.1864502714063,36.66514061477811,62.96995927277827
178.69602600063095,83.04639508563275,60.3986317516594,76.79207931085894
211.2319049628413,56.9984830282459,21.542292238662153,61.643490642690296
65.72935458170804,93.60169237923434,47.5651894772241,68.83643066048057
193.27377808391572,85.25492603096708,61.289930567515405,76.4975769701172
190.48809712359719,64.92317552178255,61.3549346562218,68.81783262284482
202.7993373954787,46.92565457059006,57.71836229937557,66.32593118671083
121.71443979954473,78.05522817694282,28.772784703156013,61.6041116365702
96.1024272161293,35.78156236304753,37.7181491531756,54.043592206890025
27.38784903746439,29.353726272017305,14.500332966988692,44.88224531260106
48.07796566996879,16.815817670505474,46.24221181064086,44.26065095168188
86.52304979341054,26.19930882339968,36.293694097133965,48.192993512814425
78.63352567517332,49.137567006212116,7.168910506097707,48.992335312003036
110.85326439506515,89.61599513534856,20.99274323950207,67.13918475068634
21.3999559124204,50.03866447683401,14.306733026178938,49.840182151497245
186.17125684798663,24.414423563516724,11.338481285981823,48.6839932937664
225.7460055442661,32.894233856755605,7.750757561207245,49.6507886735299
148.8203006770391,80.56210083878257,45.579272914054,68.48858971899206
120.14365753120589,75.97866944542734,66.57609134856546,74.66718307582121
118.91426094525686,95.32818063837038,65.50973579396236,77.67055038631918
218.4189606567747,5.719323372613058,8.151108570525787,40.47007893446284
78.0396743752884,23.54114430693765,19.06882928441384,44.8842860877538
131.73573637181212,87.03226757592822,13.449828792114383,64.93933329025087
56.93348153668808,82.69598096096935,24.265646348169188,59.20207834017691
175.8519556639444,21.819904552987918,26.585368925577132,48.65491235198843
86.25555697768868,88.72570215163317,18.67119870028406,66.1240489166838
134.19958443326885,27.03914076704597,57.440109932581294,57.582692166957784
185.362607471208,12.26341600624896,34.70808066932083,48.87713852836882
272.1948113450343,73.69925082718775,8.99381001397037,63.07971436238597
213.05138236751714,9.877341430733566,36.03862693580281,49.76447310428083
192.56761330098334,86.57649289370845,66.36181363251833,76.48209283447568
156.45573117610897,79.32548082983334,25.804698268529755,64.94142259326031
59.287780363749654,8.366858804834765,33.65441581232345,39.16545956172422
267.3100602155877,98.93087613722454,8.441259251603388,68.38744516889649
239.68883995311546,58.421388560647614,9.867869131017084,57.871106318655734
229.75170746514362,12.003834843099055,71.95315943101802,57.86534330069418
143.88308494290024,97.75787750703186,8.03201123491701,69.19952442337834
86.19165625288156,88.63326485459267,46.87982526708524,65.54314685530892
18.64734556106,98.1655038001708,8.76129897058932,60.139036767999315
100.78630040834425,90.60649146599044,76.93914339594755,75.78212826671543
87.09568488921208,57.86106626522878,15.606405971614905,54.36286747793012
272.53552703306707,90.1641240509292,13.170711895768909,71.85415204401298
116.24877650202303,27.371732235750592,71.44039066503656,58.52435695360229
247.95706594604118,88.55543921126896,25.688269149275058,72.28779397206068
15.727719005971275,43.44447000018917,34.133397915223604,45.306621791143975
294.32046986203875,34.68577655739095,65.83731058309988,66.47234638664186
99.69783669155193,98.18820355992075,43.405576804249705,70.36312442439683
105.4860614434933,26.962641012049634,39.75375137469558,51.33087674960504
163.75848162820284,85.20733423896388,59.99406426722496,72.8628845193762
158.6970363057947,36.821508107224595,63.9881537372025,58.353685131036514
25.037777849766037,15.014612615928352,21.87566768910571,41.41390868332071
113.98839432256851,8.143528743822742,55.95431868019964,46.28597373773644
37.054003706647784,71.34765142164709,77.30871469756981,67.63490355528873
90.18521506293514,13.176489389824399,73.38116899225558,52.535341235000956
61.31019917842541,52.07460895243692,38.83313070556965,56.54859371395784
18.543349716850777,41.59883252905403,13.433815009344128,44.754951908859255
228.72208317311214,79.01981507466941,40.11412567904717,70.04172436740197
200.1972115339662,47.318266770081294,59.90952753123892,63.79158921304841
210.6917303643269,69.1463728778217,25.6957724177986,63.62366954986071
247.8130738544478,60.82408380290894,11.690336393968742,59.65165138378731
250.75338598648773,24.002150409675934,75.30835312615247,62.298372718849045
215.77788795737564,92.86569876907708,16.170417156184815,73.81501778409313
18.898968581559007,16.308321800543723,11.212893089388245,41.42682775053626
172.6439391643573,49.4329878858156,44.93419634957845,63.01045562475609
229.7897721115111,51.82436742942743,33.86289104776354,55.83606807189945
187.54413971062485,54.42241357901676,70.76906712433804,67.28677098915685
114.82314873424683,69.19453302361495,31.148980284030387,60.0088776171868
62.8654637409775,6.753959298883894,25.088667291085834,38.627066131033395
267.1615479492608,17.359637516891933,61.07683206307247,58.164919873371375
126.7680166456374,48.478800399331064,10.014756435120972,55.91720101262112
74.79348168071839,28.801728308894358,70.91712808511298,55.95455258182207
279.9163796466389,14.48438177242904,70.40026817904173,57.54348552399507
41.6824455895607,60.59823684748148,71.77977412648181,61.136981624878146
25.576729398771405,63.88327876746969,65.91450937028517,59.11282714055515
260.9328250487328,28.97472944062854,56.56493410413332,59.98910362983162
182.22048993459666,78.70302084069837,12.024974031164602,62.44342552292699
65.22525393286897,95.19988559900791,37.635439342871706,68.38035943220116
92.20407485488072,12.18998546160002,18.16878509230542,40.25468197138735
250.3417729195393,90.49470366697213,53.693688428896195,77.98370145239517
279.78492050025943,86.5922379867119,25.8801104484002,71.44627010034098
177.54756843704845,41.96106238607766,76.95438729730054,66.44201830206492
123.36268192793979,43.016701069942656,73.61806203648656,66.20305170341187
194.2090181390123,62.320885856595204,25.561548405517136,61.451745142191115
217.09666449210113,74.74786591546174,13.862166827801609,66.34333921888827
270.163489684656,26.875121976662385,65.106521889518,61.77682233725626
97.89497880984365,29.82094584657817,42.3245693283034,50.677121391371706
290.0509751075611,66.39826284005817,73.6625918444523,73.98520327145462
14.781960201860537,64.24114972201271,78.03234141373905,65.75946068220175
205.23016103683304,46.925520599963015,51.991532534757916,60.26145174475748
171.23612372297507,73.90348093943258,75.8418754659066,73.82208271060227
49.907808800663126,21.090657620083896,77.64331105067473,49.97084037364746
221.48940000037362,92.92257578609056,77.56814131275128,78.69457597344272
10.881918967637791,67.2071719661372,6.213517036060244,55.58743174426972
55.41658229186213,25.78605507905333,13.197484278192874,41.87274162484705
128.65696424157102,85.95042163799275,5.89434119420948,65.81100988092638
34.46290676243328,26.048806803847967,29.855683350240536,42.2389740558091
277.8450044715385,81.31224619426322,29.825529798462206,72.13814879156324
15.420082440063279,88.06776999785815,47.15360020201826,66.40892324273244
274.0942489675929,18.93795700020857,77.1548389424245,62.215980096974434
129.46631448771154,21.955774528561875,56.737632797679474,50.44657786626868
121.436980174463,54.25161633246664,37.45747053143307,54.570863461392605
53.131211369611364,93.94293662227855,42.614365677990044,68.56026701712935
265.8399826854431,59.5448720557079,13.174358180049962,62.830363812348835
118.20949188524315,55.99534275723214,63.92243354908239,63.56128425522774
147.30702527544466,99.88991051567312,52.527542474527316,80.80463827707891
289.2065931163857,79.29212873521338,32.694546311873935,73.65738179231653
25.005400472455186,67.51723844164718,51.034623142796036,60.76897774573569
216.36343679225897,49.71682331979686,74.11315070706455,65.83877077900354
125.42062507653979,47.10416586575062,28.136150797914446,55.26452698839354
278.21390939213813,42.02808910390267,76.52090885306659,65.12893206742623
286.0849062637316,21.585197022382488,21.494938986399976,54.70206777270757
269.88984162042317,9.31291104442375,51.5229995623492,56.65026505337178
38.57573081853505,49.96634535346943,48.942073495152634,60.05526713896032
162.9683374107851,80.66340703982912,46.62090504791096,69.96465945307588
42.450256816406814,61.106769040031324,33.326580569350156,57.21095951561457
19.58663776153832,23.18065973554587,7.527910631604574,39.5808297515443
132.52449369954235,74.46944108784878,39.59264832074704,61.33044584442694
12.22996775258995,91.44579240967613,40.084571024687726,64.86976758078387
129.9521699312427,85.44551540158281,15.626283298874412,64.96295644266422
62.738088246762096,23.822167626830502,55.41735821077101,50.92242018594436
241.25571483477881,45.1095333555482,34.77733148258822,57.725864304943755
257.8182889114802,26.846838580299405,65.57006785877314,62.39402061060489
78.07397753531929,47.025634607155006,69.65401818335323,59.53626198095972
87.35545077923341,98.14876656819126,26.871853558968727,69.14953411303581
14.207876959097995,50.47315770225248,20.55047216598044,48.18503017076692
116.24118520725017,99.5366027689322,60.94899039503046,76.41977133478501
252.07962665876477,14.735032535271529,74.64627053535463,60.67723229315248
248.71319705617714,21.534944541380913,34.761031699556185,57.40208249328141
114.81383062195505,17.128086004058368,18.960330035546505,45.3852572391309
18.164693077552904,43.75763627804481,25.92961043441048,50.15117880128457
110.87313894760256,75.08616746487623,29.54777166839515,64.70401559607461
260.0046899038249,84.83083474049376,18.848859372943295,70.99100042782283
49.60668256384929,54.13824314295544,37.96627550741102,50.19283370304881
224.04579961963574,86.31649254910903,17.656906964222845,64.58713596309093
75.47050201715662,95.79697138250181,59.42457252175828,77.54386914407108
266.2211186377263,5.428221423862242,16.512075473150446,44.979653831716035
102.66071268900939,20.77598153931763,60.735922462051995,56.136459009566835
266.73609087045384,22.196948922514174,31.939736355192178,52.22149858184091
169.4918542409762,99.19288315879308,20.070996875973716,68.82537250916846
219.16627621664847,90.41387581160309,32.61572022342524,74.18136271778388
256.48136666451296,14.987622383852038,69.59112460613807,56.51921452876921
285.08313758346634,99.19261177145043,36.46935471937979,75.39373695408159
82.810789835645,21.97346824669355,8.046422045100154,42.61278142465021
21.667124231261923,35.734416661780344,49.00319049845366,54.04462410398408
106.24407909065248,89.60691207487942,68.48408512105375,71.24201201221342
271.6503001681714,7.077495240031499,63.2146522948633,57.25297586044945
287.9228439188005,35.48546604249063,31.558055033801,58.295010216278214
258.74584044446453,48.84069585918848,17.354533712360023,57.979721848979445
19.036376629653482,11.942650444947116,76.43715770857182,48.45551485513734
241.1786837815884,69.97165851212385,51.12646969570137,72.54549329064764
194.0106478333766,14.562223912124699,27.53898644729405,48.501233334064025
204.34115925026325,96.55486777004502,33.97602974333732,76.5842221620197
151.9894895170332,90.10228341702009,8.485321639356247,69.0946313996844
47.206538473303326,9.746757571296605,12.050995937308787,41.52694131427724
80.30200221714094,8.740797145100057,6.405160154362167,37.42301877613296
238.75321415758054,88.15399372936588,20.220917013872253,70.16782645615771
194.61970362777646,13.301934367358749,12.00692571297207,40.94575795488758
174.7945881416643,20.208643418859186,20.924692015867457,46.53586905688193
290.22506896312706,65.16356341536682,54.468962800268095,75.44094415399617
105.6640987073833,24.906836240273964,51.00684985942925,53.03171034004309
15.30035715474192,37.20579349778047,35.384735239820294,49.16152483451368
181.74619471778112,75.35983963369229,75.40384762364025,75.06156334262658
145.53051408419117,28.322554753189838,73.55761681715548,58.2783666629696
60.39329065840893,16.069786789815872,44.339645550251255,47.228732744785674
254.15561810911643,81.19585286018518,63.0582534513896,77.09058585322552
137.32276852987684,8.351904138335405,12.430644083461113,43.042001669304334
76.3631984859192,30.914472166834315,39.97828857467842,52.53586270346854
96.98794125096897,35.82844809762736,54.71926711740498,56.682593131399365
255.3693813979046,31.348246387248725,72.27457328008948,64.64065142670935
289.4279479353051,89.9564388953033,8.294951776619957,72.13809340692406
37.179449874666986,16.17775583294837,16.3447397900678,41.61545770652744
263.92758325691057,10.012660906233423,70.64186878365366,62.951847994641426
113.17041038204019,16.02467311415956,79.3988243603928,55.06411236928492
116.52945590616824,14.919083449674714,34.0005842633753,46.11626766659175
184.0916455534665,7.664974576767645,67.49364622039153,55.13089276163171
218.1665023782277,30.21970121131137,75.26602919678285,65.79422454730536
235.55461624027905,78.50147811094422,65.83456715247702,78.87503150454498
68.39338416798385,8.157693331659349,42.93067849711761,44.518448873269875
100.95884694937489,84.23275202560978,71.55917019317916,72.19064077264723
149.06253974336963,49.27864870763338,38.733740324992695,57.54569444564114
62.34333688660049,91.82573838090316,53.125257927780154,72.97667533990412
72.38535974889535,49.94194490227312,8.673928265181004,48.687980697541406
113.62286048105796,61.52479860039895,56.71565389457265,68.96150923524013
96.84831463120014,88.41679501130399,44.06984370824287,69.1349154350198
196.44314939174768,13.368540463402368,40.20279687910065,48.61302010743605
