experience_years,salary_k
6.08838278539036,193.65770889775422
7.109370546919025,206.52148237546433
4.036322749267134,134.51322833814282
9.143521661581302,270.08494353943047
8.196867233836826,240.07315898388913
1.682036865045422,79.80452463214803
4.852130287654828,145.82712941382704
2.398551660991919,91.1418958146358
11.090167946066266,309.21404416484893
3.7453305252059566,126.45469877661343
6.512043982655231,196.74863729840956
16.34106671647598,439.3075431981995
11.436984405498878,309.36263945741786
10.391665846306097,295.1230082307887
18.88725488578023,504.075673787763
8.747027815650261,242.78261224325723
17.672821691860754,475.61552140065635
11.55708010234019,321.69190262083276
8.106709632641614,235.35291355441362
6.921441486602015,201.60186112407757
18.067559664257693,489.86101983104186
11.304907155662141,315.47881204659626
5.034271288099104,151.90701190176665
10.389377218727773,282.02064076600595
4.995417870494769,151.04878584841367
4.8133779346643735,138.48633190009826
2.5828270382736784,93.26787673660635
13.786185075642472,375.2994121440218
15.62087215449269,414.4834716887056
6.472239458863958,189.0787685174216
8.185933015814408,242.414738646084
15.861361834569873,427.0705025425451
0.32606398932615077,45.828317453327756
6.656619099295897,195.49072039709225
6.151887682354009,182.91327849221776
10.869033902150292,290.7295773271187
17.897384793657967,481.08106357746345
0.8103347228939328,55.76115927259178
16.855427106910533,449.6738374534972
11.142556116032342,307.0123817741582
11.753338531972627,327.89864518928545
19.139312734207042,504.80133290569916
2.5656621287639902,90.22993162405939
5.532871299538964,169.9072733192903
4.601036193899062,141.99464810755245
9.37679915781402,267.4752683657488
11.596597200243973,315.31338242985214
14.557259490993404,401.47903187049036
1.0607841291351772,59.80192164965537
8.522588403326193,243.39396597865553
18.485486692282414,487.7690141443306
9.251855484197737,256.007617605581
16.352454383538408,434.3251744350473
2.239596135697264,78.82888689674672
5.7936333533358475,181.54298542328434
14.707937783720656,399.40881878840025
12.427084741838836,346.0302601981368
8.86305325115903,260.2716564559071
13.378280004939464,370.99003024077075
15.419366066804898,417.73223562759813
17.95017418507803,476.6991023977888
8.807102244381122,253.92405388455904
12.852193972906008,352.36053816824614
7.629205603696791,219.42688438893654
18.54099729708653,490.9489405723942
9.613673855716996,275.7379302748861
8.210459813869647,242.64880928000653
18.789425155416446,498.36008526646003
0.039225638161768384,28.79560238985991
6.639421812846331,199.47639401485756
16.764111390815867,445.92690277771567
9.028966985544987,258.7425580734101
6.967727706884597,212.8778407015036
11.756328282343356,321.81903487811115
8.093516339957516,232.46047465995989
6.590072320928899,204.70027341079816
5.319466100891241,161.12081095736784
6.260909443730163,187.22791975099682
18.48324058984212,487.3719373740029
19.193458628988743,506.3222927435523
1.9766119329424847,72.52111346415876
14.708277657382924,412.33318935492633
13.155253752587182,361.7401037707324
12.619373308083158,345.25495495606214
0.6568669140741457,41.13635139448617
5.469078312354001,157.60349249275936
14.922057401852566,404.26012648777686
9.916136579743249,277.1776553980058
0.4777669039764332,44.45413591869817
10.530311098324992,296.71942166353466
16.956097617713453,458.9638156566217
17.56840507761517,468.9992413767965
17.972519098358152,482.4230297827673
10.54664769673018,291.6285117772449
9.33935179396216,259.22656285598043
4.88689256533333,150.4813977895822
17.32155144627047,466.88362485907464
15.997143506436554,432.96107600356106
17.271497282867948,461.72436636002783
4.5188993138522875,144.58462146066265
1.9580586432932412,86.98900779488139
13.96890136681105,370.2104836277946
18.26302354087905,480.30024903969024
18.331535310013834,488.22321395329095
10.572629423988246,297.8175222855921
12.84210438107218,349.97624335410194
2.2416238570040603,90.55603869944662
5.505755707811311,152.606706673065
10.755019550555156,287.2231524756132
17.615377718069972,467.5454265133517
9.68279456381322,285.40647453975134
11.854164881470385,326.35378027390107
1.1107287075133376,46.56097284880798
19.293079856701436,510.5268477534165
9.848544455146609,279.30108078650443
3.2054085740835325,114.94632625814694
6.779419447081867,201.8382307330205
10.26614679811805,285.4746489260326
2.770286181133226,102.6511009993896
3.932936490491097,134.09150242018987
18.31793809450948,485.1747883335802
17.45105180343977,465.6582912788595
2.446042158682369,90.47056543700833
5.579958108051342,160.97124066938053
12.711686834058204,341.5066887302549
5.195072954627227,148.28369892647547
0.04167757527159699,31.463629007680552
14.024291332456425,379.1189170499557
3.8615714752683328,124.8441225032557
6.499110866508482,192.30575291673094
5.67872871020935,174.564563698231
3.0473839580518436,102.8216834629484
2.713702099271371,103.71060861054282
2.89826990528681,94.49560019390704
19.349833706146754,513.6775966496732
14.537017666345806,392.9337142076332
18.801507567412685,504.28707455987495
11.430798606477746,313.29503661241597
6.62017518321883,200.8480338721495
3.278537002962789,110.79409302099708
9.667125909156686,271.16912219531594
9.867970208249346,275.95386939256446
15.549396538801524,422.225394682389
10.56878967055926,298.48548258623856
3.8970069255704676,124.4014691585436
16.28381405568814,430.0508965823613
2.958320280956803,99.05249894292862
10.578280216025025,295.28292074063546
0.8493839541291148,51.15136957566521
7.383618881984586,215.2951354031846
13.437463426421452,362.31072501024727
2.774170162130687,103.33295812872667
10.497599842568041,291.55780335789615
10.776783376916839,291.2524117739081
18.18710224928558,485.4543051312152
9.332587473998409,266.05181684160266
1.5670176849862028,69.89424368073949
2.9187458782624964,103.61975185264106
5.512172802598386,168.94017982235997
15.979080351177311,424.2083631388501
5.10216657134767,165.2129294058214
12.188585835624037,333.08217797187916
1.5676337940387763,76.525070703349
4.042908391729084,128.30206545565224
12.382856516267491,344.40478977088827
1.9627750765923513,80.27027515844611
14.310851803509363,388.2728672559069
8.982004051435037,249.856144001454
5.591505027716841,175.8167184750068
17.47800504529309,469.0449861861197
13.46316293836696,366.12782310929606
1.2836876470823655,68.12906611089915
13.40395275784381,365.5417199330628
3.967584731820941,140.23864624197665
18.405178251273842,495.21284188160297
3.0746397893058375,105.21244935361058
12.333791126082982,345.13668759142956
4.848130083139703,151.5075340011319
18.843329640903146,511.1126982244545
6.4893439105415425,192.64188957942423
11.792731261684066,324.4222347137428
2.590187525723857,95.22452964187357
9.587441115170561,271.6835612946538
12.176725784221782,342.16470090788386
15.413923782046524,416.8123791543755
11.141349876556832,308.00017228889595
14.071977041586607,379.33212593432165
17.181630094595036,463.4691588437188
5.971134897955414,176.50664679581772
6.803338678610562,194.23931535542744
0.5914770231301558,40.0756933767226
11.085236257308392,304.80626841078794
19.430618566930924,515.143292316229
14.722053986017334,403.31720999971475
19.851710409945873,523.406542489932
9.087041527146397,263.16168044099874
14.94947156965333,395.5482578055988
3.224165445243421,123.77715013527755
8.440129289822034,233.07111261945036
12.87227745434905,352.79737155119193
9.006241160860249,254.06812893454867
0.594443682438548,40.934518451749035
6.336852190139195,191.80334817620485
13.521355140611988,373.3199493362719
7.903874411583076,226.73592973869407
8.968098891726552,260.24939685298324
17.12358352467612,458.40987657691755
5.387816606889835,159.37651533852255
12.318632290565406,337.56986973510595
16.915411136767716,450.24779808774906
16.14301253903916,435.8763873340045
4.774473328910302,147.3659987614508
1.0217954131526086,55.17396935206855
5.536555806670509,162.98710795560507
3.5280681046521467,123.5484849569273
0.5542149899628046,42.077232631764865
6.087232869715136,176.8334361889381
10.416227799780591,303.563066503754
13.006379572195799,348.09461743528476
7.557904659360379,221.48476801302004
4.085658447927227,121.32313339316177
11.386120663903053,316.19563034578044
15.047326117528199,407.1237205382962
13.899033755581357,376.21395404611303
17.139691139337977,451.67455843117625
5.277340492453966,157.64085758558443
10.06019664440162,277.47211223753385
9.768748074890647,268.34808372631363
6.431651657569777,186.0510622169126
13.728419732441143,380.3861227675497
2.684684096295318,99.07314746824927
16.102982654288702,439.2287046089116
0.7323834832659415,43.3653765630379
7.763596979654686,221.93340830288875
12.14640691130565,324.9749250104069
8.487281741303882,236.2297648711322
13.113842913581607,356.39050710106227
0.776012298262958,47.29727569221062
17.343210152789023,472.4670226973306
1.5531425384653286,69.36879632899257
5.754926442323618,172.5476616393781
5.867378317120151,178.98177088840086
0.23627274342930882,36.04121134944468
1.880477610328568,71.58342257522496
17.037678582641465,452.80752584622286
15.516296955256383,424.9022082945461
14.759869589275949,405.51567823672065
13.785924062188714,375.93427814639875
1.4906016794615828,72.36246814473614
5.973148685597341,187.5427633118951
0.13146555301220886,31.078010264216474
1.2104204156554976,61.18208459038057
0.7577519158027557,50.049252409851846
3.978680086541695,125.33293450507755
1.1256709426734335,60.373931707208484
0.3376756885801169,32.723502119293045
4.898294632466764,152.96866573752698
15.977078471310666,428.0823923235686
1.1262200935805433,60.30323792407721
19.690984686356995,515.5003110915097
13.151664728163087,356.1861208271079
17.33641761193139,472.8262610314507
13.214019151543965,359.6762485341308
15.53747479726518,418.77759072252707
6.015577094229327,177.04157043109254
5.146493976472102,158.88920404598628
13.288499553778625,364.1113457771606
11.263087067919491,309.19935678711215
10.113265153822105,281.5841473436568
3.5451049110062383,117.7953241417375
4.612970464099901,146.8029487967282
10.994502244828412,310.51514279676906
8.19836082495434,231.61239213057024
19.250245885855264,515.2860504489364
11.056447113800534,310.4342064655907
8.634233281010646,247.12999375198083
19.01197706468467,510.70768538034025
1.8322770163750612,76.30226722478653
5.435639829665386,166.430077176822
6.927888713653687,202.32945559613265
17.070052357367615,455.39948997650606
15.32823967915605,412.1535012337695
6.094283496410293,173.0529815402718
17.45126715059169,469.283047038726
1.251133302590861,59.66705054977547
9.869338801842297,269.3891406626242
13.09368475348152,362.1937287731643
6.243886287504365,181.21944599792036
1.3834214478204143,68.88299687475376
5.143206187390588,154.87237482283138
9.675435449005512,276.6803241690876
6.362127201421764,198.5477851499266
8.313437129315153,229.8606150322293
1.8624923542971206,75.28749781532743
0.28547086983369274,41.92081451367081
17.55225295173379,470.20476914191494
1.5622349170765837,70.46435549353183
5.856491519409763,180.99030517642817
13.280907475005225,358.0783855909725
16.890088606351767,445.8369803623682
6.4252547336508385,187.06231925167285
13.041370035383357,362.702011695351
9.442625864747715,262.24611436549844
1.0202606614389298,47.83172603411398
8.167260063230854,239.96540658814257
0.5969610493129229,42.36311917560107
19.283805950136028,509.8501049603502
15.243675999891495,404.122538219141
6.785846591525786,202.29810846967555
4.694808600280023,150.21004512302318
8.006543374622355,227.41130508627762
6.323289145244275,182.11356637184554
7.415888176426857,205.9367043211677
18.374288589156368,492.1975061934267
8.090502871869587,245.24504820250746
14.827989824143428,402.72136015938395
3.1362604178561693,111.448120109701
10.673621529965976,297.57334433824724
9.874679269412606,278.61486475738093
11.824638934087037,324.45089106537614
13.597749797285841,371.41468815181327
17.220388836291946,456.5046866594064
4.599344934733141,138.78015695669268
7.630682213165194,221.3232486180677
1.1436557597228747,59.08220521036827
12.483625597754827,336.2185277326526
18.69519828672438,494.62280007775456
7.923942174532838,226.34818922295642
19.43502162687679,519.4544580881334
11.957504893362616,329.7309600787602
4.224934185860394,134.78530425155236
10.59058050504821,286.80343320227735
12.800910910450483,351.37482555729343
13.325456647457688,365.78241241102995
12.760836167113002,360.01146665875194
3.7922793867691196,127.03865184912561
4.166211730766458,138.7758467479793
4.82926101683195,155.39982814065945
14.659878310554316,387.43344688810834
9.987090483051343,279.0541719899925
13.425111488137604,364.7795604942277
15.987268208414298,427.3818575853323
11.281390408025363,316.31742917672756
9.422820818352378,273.70412434032363
8.050301939900024,226.63520037759096
10.72525740195135,297.35146407229934
2.991569607754214,106.91422776270926
15.728910054895431,419.32499433573696
18.25518474023134,475.7969376229857
16.24730072100985,435.1072028966532
16.43791133323071,435.4273297841569
16.588028252887774,435.0084115494022
3.512982314247477,122.33404301052869
19.916254589665463,536.0837711930446
13.143715809245995,361.23752646770345
8.418541281597944,242.5433516755305
17.760477045340718,476.1823412067545
11.647025459784546,320.7875966686989
19.87249018147003,529.0580994956524
15.041473889004083,405.38033768769003
7.350214185194524,210.00067971960087
14.851244506050001,407.6693715780905
14.602199444501231,398.79879387438206
6.259815555535955,199.78175413396974
17.683504817136523,467.9945840530145
2.815298327345872,93.15670237763268
7.305470296078854,219.34557335833733
12.72548382055617,347.61114773628464
9.582782384165496,276.3534958294048
13.563117951718226,379.1480192556164
19.947073621459534,521.8136922945496
1.5599327412222541,64.71117652587158
15.179377176655176,401.07798716476276
16.348490171018703,437.95926100451777
5.644028826268617,167.4954006728114
5.103121048122796,147.8736140621171
8.827152455996494,251.1783366978541
7.877135151865775,233.33756102128294
10.156381351243107,279.059136774051
4.231684030845175,142.01898351833103
9.876009500700826,280.3845943880226
16.255048456140543,436.0534513087259
17.657667845356514,466.15249450901234
13.335245249371352,361.03501985276296
5.76260927896125,184.70720938672196
17.46490236683502,464.67635519685433
8.424558219894084,243.46202018382328
4.636143805297697,144.53209781533428
2.691946180159377,91.80657021567677
19.23337715885607,514.2830332812043
1.759583089294745,82.23581844175688
10.595209298694556,300.2058956733132
4.043545431143832,139.1338606580282
17.365607909240083,464.8552811024749
3.8905338701891767,127.25056127870441
14.729595187675859,400.8782820778777
3.302319368233182,111.4448779103824
18.762244973932248,496.5986992483646
13.26649998885371,353.693302178745
8.30241729935401,242.65229796409432
19.249650194715148,511.48968094756157
10.481017231159742,284.01618701105406
7.6814745862353195,212.9448111228118
3.2495100681549105,120.09603504283467
14.421786327427881,395.9226746017632
11.926658875791622,330.0834858985265
4.45785693955989,134.11143618923145
4.999236692978424,153.6570085105555
4.407642565140851,135.03066906846323
9.916837299635874,276.0987570881939
0.9457862592400756,52.560285426349466
5.7849496911533755,170.9973320442911
14.732478879947166,391.3431247460013
12.424598066653497,344.3084782553104
16.37192289009206,440.54480693036686
14.896499098315854,405.15523634991246
0.42554674720682195,46.31315967693326
11.39138268224482,320.29930407136413
8.768334536066684,257.5245145706545
7.226000875448011,215.27935286664277
19.84763172922649,528.4863729615867
13.139267415104898,356.41995813617314
5.0214014627737384,149.08637982662998
10.657321174093306,299.38432439176785
1.904638662120819,76.1556634927823
14.9054655955558,412.62477134081416
6.953034792406543,201.3031049434296
3.3776674567767184,115.84207891835396
3.2484292595889497,112.63405225290221
0.30457730740463207,30.248263282657938
15.557605065141901,415.11464078839504
14.573997513888825,384.41663647330995
9.700517849991943,273.8854643514006
6.119295118078685,183.91578175428157
7.832233054604176,229.52464117210883
17.68176983881017,468.4183024598134
2.4259954444575516,85.35225824078385
0.5912948025241205,43.1725566886886
4.314488994194212,139.9285047100928
10.413712666276298,284.9278460086972
0.15365836389888532,35.75070246645561
2.0852946828687102,84.5836324998881
13.957279637334237,383.03357342409043
8.961257142437873,252.24410021751834
18.97277920028569,504.75516875690886
18.215331352052228,491.5257932819246
5.529157928020913,164.72910559992613
7.554318601179917,218.66674691546496
18.363434626752927,499.1159976697081
11.585151894349863,321.1490306913448
7.394438155304615,219.5773225692417
16.008134107098996,431.7057445371022
18.490082152045517,497.28672292573333
13.46986129407157,369.1699337915474
4.618071555078032,144.35468979814
16.38521031691465,438.4288360085532
8.41052322828028,239.12098262551135
13.960931598249468,382.3122318586041
9.72707232767004,273.2986686797798
18.817298088348753,500.34876076698157
1.3675048103747667,64.58984613579523
3.1159340881500786,109.27084759739856
3.8913652363228612,135.10036901927063
4.420010133190024,135.8673548407109
4.708552367209242,153.10666561071778
3.057004097114666,104.2940008647372
13.858351047001701,374.78351701605385
4.3631149653561625,138.3364112773213
4.709069620444318,140.95381741811738
3.9477652444422806,125.51990947434297
7.9737443938224395,228.66424951087333
19.171862059726962,506.31269738797664
7.335604391040214,219.87551787563152
5.952483593282764,174.69135348804184
1.3719918180799207,63.46353260398186
7.050550632784658,203.24360039141794
4.6439209259534975,152.35448481283748
15.258546760433369,404.74933591503975
2.2325659971252265,87.89040389137048
2.873620839084101,107.82486969641683
5.570206017562278,176.29366958447207
5.7605365867061025,174.8978509749454
16.92609873392226,461.79412790688474
15.825673129009745,420.8834104557097
11.572712664104507,316.55993316463326
5.771773577200932,171.5987422557176
6.377567064219846,190.7255334029902
11.844365499652893,315.5394777479436
14.79733117529648,404.67594399332427
7.681961102168988,228.20540798692133
10.191240572887503,283.3400816640781
17.76066273065388,480.3075529513169
12.995817134168615,357.76420934610064
10.711002640838,292.8906928159896
1.4244492228378247,62.156082951327505
3.5203042355582204,115.47114864620858
4.019831676312466,132.13955728850306
12.462965849045894,346.2770825427611
2.1622550340910007,87.41641092140068
0.5798973996325296,41.396057074651466
7.207011153037306,210.73952699241906
14.377183570176154,386.3635701912486
13.864987086041188,384.5360305686089
15.853407039007783,424.41298549552323
13.92496512538619,377.7872531417281
12.26571157202924,335.2257392549577
9.723241935152904,267.0834586406348
4.169966409759411,133.8539868569323
11.37096111713236,318.38339296180567
12.732494964166822,347.4586227447291
2.474866568294325,83.61651057082462
11.302946772062697,311.5305409840956
1.9549742638710321,75.31962124960387
10.941536046129837,303.8001354223421
3.178377820372831,114.28624385416639
2.3802709441666603,86.00573120975375
2.262001120276733,85.77249028231677
18.220506256618137,485.74446349888984
11.961746349048843,321.90528166604355
5.003174444042779,156.84403020235766
1.4289775598418286,64.25364587577707
10.72362837024205,293.3091492705905
2.896059417536172,95.6726191025937
15.568058688090014,418.9889766532825
9.922193132036146,282.15733861953595
14.528977697146797,395.6794182921518
7.9145319764028415,221.97308779398656
14.046454892407212,379.45597626250026
13.692287126860244,374.60057880172064
11.22832416151407,316.6721472631621
16.914792683162588,460.40789471231153
11.649471472047537,322.316436390064
11.562208215596446,324.4362070075993
6.159662146846672,176.99477381724265
18.630125322351333,498.29624673852254
10.342791431075703,296.5319143135662
7.834293151471428,225.65011537973072
10.832845831252351,307.700853677599
2.904842774694749,109.39909001001482
5.302504742424096,165.68924445372969
6.133637243396168,191.71843986741388
10.303175383626426,286.12840393547464
13.910216676155535,376.6104398284414
5.744049242554312,181.22446321785588
2.715319911777827,99.82897199775375
11.184363655504805,303.39436986018825
17.092996627575076,457.4604105716735
8.364641727361562,254.01592404283232
9.515458178941232,256.04243721036505
5.78417024309725,181.21522686843528
16.176682466321072,431.87368539860745
2.413298907684769,92.97466651869982
3.4217743538423395,119.67044245771066
19.9991322551545,523.2361483735962
13.644315052590398,363.31725559724873
10.96104813153421,299.67687590886436
15.902158903166244,427.06478091466965
19.93764909342883,520.0287215927555
3.817485617015086,128.7184382179791
15.827860775155521,428.657677797032
6.843241651743215,202.57271671985208
14.624653699705423,396.74026579098836
14.15319455075554,377.23547422135647
19.966600855960827,527.5854992198874
2.2374410367293174,86.14441349269345
0.04250789633055474,34.930284410120876
14.955689292222456,404.5471408334147
11.375538365976137,322.72425524170524
13.817482559233136,378.55930057708053
15.070500696527954,407.0353243367238
9.870131035516724,279.0152729784366
7.130690500811689,216.34124441572237
15.407517726049967,409.55373887440646
7.602598573321089,218.26454374017234
12.443845389808324,339.34767962298827
17.86812053031309,473.34922067650433
3.1678294420277786,104.41283600662133
0.17812319783915065,37.44277597598435
5.135132223973981,156.09443363028515
15.949438868931775,431.79145145271895
11.336512849803215,311.1105526647883
18.92321727070864,496.7703357153338
10.957481997233586,309.9272863040308
5.3156276517729895,171.88275170396133
15.317706093986718,414.06604662603587
13.151007718300207,361.3906195856911
16.41366719923173,449.02551520030113
13.359969520448349,366.54250545252324
9.038980207390308,261.79969941615775
5.541653381874207,172.1069361295182
1.112009295385179,64.40011690400853
6.158725053507319,185.52367342420692
0.9251695513323743,54.62390068101991
8.600541415040748,248.05689887271862
4.515998237809606,136.1522241658575
14.07295216583979,377.4572224522417
4.403570531130021,146.8944725077215
1.6286367113267608,77.81919158765523
16.775945567999454,451.5505100179605
1.2006572058853004,55.25647176086638
15.019169186989842,411.4930689778174
18.588506519632666,495.1122943158983
2.142582373627493,77.71325358045709
11.193358597381877,312.9316790558104
9.034534205067356,260.3258001494672
15.97420117432447,433.73560318873785
12.469600122093748,340.1920984914414
5.565468731423051,166.53869709006707
0.029380122847404433,24.200144857166645
9.657354576830315,279.0318586866938
17.882177647869327,478.1187481325177
18.107263406453345,490.5140745657767
2.505939661069887,91.35396452213347
17.21353934717378,468.8959286188442
0.6886257159362841,38.11156190278041
1.846985506804244,76.99211025434622
19.324416247290007,509.0448210680844
7.739348143831095,220.4569306976003
1.4156779330544178,58.75432930244335
9.409107087070428,262.0068191026034
0.9227403946951762,62.61292704340545
0.32740309798719114,35.36735090117179
11.235004588717292,316.2874774878336
4.224124395901933,125.8435557560464
12.438251795765327,353.1623756907158
6.6939852768736285,197.26320649250428
2.6495406576920555,100.79992658015946
19.688037164566758,528.3992216010306
4.998828309641947,152.10387073821272
1.2395429214839337,63.113020471442525
5.576732404006586,168.06201002400505
5.034001118004232,152.4321902256466
5.9929260843516,172.1359640592724
7.113484624014925,207.3302434606629
16.10330361559138,436.31591897687457
1.1956887189560383,64.53812702473766
7.09065340131515,208.41342507109016
2.074910859304624,83.94480086620047
19.6439329218008,522.6469421696765
2.8794346462830633,98.29858518769434
9.58069889617592,261.8328729882818
9.600868652078184,267.2104421561294
15.623564171369184,412.5915486677168
5.442917425826666,170.19488529738723
14.755477150333391,411.34435976932303
0.5267711828171473,48.228555388080466
18.54300875294647,492.1690291264972
1.9791130251583544,79.56135816697329
9.616590087571122,276.1843505350088
3.46859426523346,113.71028144875292
7.372335459316483,214.9730728184241
12.840410335389736,340.16038624806043
2.8494434995290296,95.65329310575021
5.782170398608855,171.7074199369399
13.583646654070197,372.7724998522875
16.890890951942698,448.43402765035745
11.85795524802031,329.5412786171507
10.45969330558047,292.40813874029016
2.1921802453997885,94.10126249996594
2.9308092310653255,97.8926576020105
19.16382742315099,498.9995870245519
0.05249720167290972,19.125107752993447
9.688373726948583,271.4665256242856
15.126849614842492,413.9269976791172
4.199260604125568,135.90813202013112
9.19127432655727,263.0741627947905
9.86122381890442,276.28291496313466
5.207943154030561,161.385573098376
17.575025021323512,461.81772391738014
18.503123601444646,502.2399416994366
14.986737008376537,407.08053537952264
0.17273183434094008,27.73938061360131
12.578511354648317,334.6447085528903
4.642237359611984,148.72127490951738
5.343693182279312,163.04571347208523
3.676079098082472,120.48606035479096
11.448228569131826,323.3744334553426
8.93437311906995,250.51624177500108
3.871282187388676,122.53282236965082
18.652818620402357,499.94269799391424
4.784463066388627,152.6410683995969
15.57477807014244,412.9181593490984
0.493818005072586,46.29261565914872
3.669602170079138,131.5446229735508
16.37732135026197,437.7553347118289
10.728531122016955,295.17521712373497
12.92215067500411,349.4175574699135
8.577967827456112,248.70623904226468
8.71264259381061,252.2581477461891
2.5080802759693466,87.14539034217498
3.419852919367441,121.18554480944381
18.37994153772382,495.8762848401481
9.152642046682844,260.289048225908
9.449101780496061,255.2991468800952
13.326615457915077,367.1272737128513
0.2825391008066025,28.938270406007106
10.653883067949053,300.0462302879669
17.70671103781921,477.73912148374114
8.346090003020123,243.44329057689916
8.252073691187858,223.2249876508958
9.066205092129604,253.0144731644735
17.10204105008876,461.263518588169
12.200021723376587,334.58982328383235
14.947018060268885,396.0509421419006
14.363003148530936,386.88418345585
1.0171949827534221,55.402916274486316
19.53399251956859,509.7893886790227
14.124163447917544,391.6320177103727
11.602504923574317,324.11857240317033
0.9035315989928572,53.33509453658611
18.36162380677296,485.36331676176985
9.391136327100735,263.21357554085324
18.223847628339715,482.3291096367666
8.368138671480445,234.24733810203568
11.546100002560875,319.3973319675148
17.874358590454673,482.3755827658425
9.216618657480439,259.46522244410363
3.59062806387084,117.70438219345243
8.50129826826832,243.4255577008377
7.632532583373244,224.72172034921553
14.617261293977089,392.8083303365997
16.81467253142542,443.46132979609513
0.22664524617213466,40.393512072004256
9.896302681827576,270.59911164596065
5.3453407855861705,166.30845779692058
3.288653793555718,111.73654835185364
13.314113351427492,358.3707993677271
16.710912823438868,454.7087277648413
10.888115079786566,307.18984230202466
3.8758831412219275,129.77941671749406
15.025706540046137,407.84266769358203
10.426653379147378,293.04368500109365
16.092762535908193,427.40117671883195
19.29445652935263,509.5514446746525
8.38701983469547,231.4704797702389
6.380041908922931,190.96246140828515
5.641590180986952,178.20527898001419
13.819729333043345,373.57467681877114
19.437548163596606,517.1261670515219
5.716379082026735,170.24570121771342
9.245564313288373,258.7832086179935
11.526618529239222,316.4650405850634
19.07847182092882,499.64576720291063
4.942903319822703,159.26557427410526
19.23265951350262,510.79136368892733
10.48052189181847,296.8709857814557
14.567739241800101,395.7051871633908
15.62681793517594,416.63926984810394
3.2921845779347025,110.72005470877565
19.494892100004265,509.4379764864245
19.522411556163327,522.0037243245259
17.323401105144132,463.7711514998851
16.86709630945297,447.75150511018967
6.525288434603995,185.59935981200329
17.04132921402429,453.15118116785095
17.766559142525182,468.6275364529891
5.3305290245208,163.9396382704108
3.4131243985401727,110.06422188300927
15.139574982873917,418.75084169678377
11.554705877864865,323.79419154375165
2.157263996703185,82.0673993279068
7.990111981162087,222.32162051568892
6.639998903312532,195.4416656981064
13.213816279939456,350.5473302223206
8.408103080362356,245.5060832510878
12.973525989687866,358.2946394803899
15.987761361564843,436.9372577621052
14.141451045313618,380.7530035885147
12.350706858149984,342.795493200787
18.129354596460047,490.154069658677
4.955635134423395,151.71255487937492
10.151129977059314,280.1090402650822
15.122233060083367,414.7963924477817
4.480687939840142,142.74458062802796
4.233872832262855,137.97331023111647
13.685460903084723,371.6963234671582
15.612783135046808,414.0772110067301
17.727295766194025,478.7053802637991
8.96627377920854,244.00991486553878
14.32592184749815,393.1379257798977
3.4189910845520632,114.0785847713936
6.2951850480092,186.44146394256802
12.642416285534788,343.3977031655653
2.9576710401299344,106.57602821683048
19.113647773896396,509.88491944192714
2.5571495557700064,101.98623135012537
15.535283365104886,417.461722930551
6.372277105372504,188.3966220795072
14.658105621894437,394.683664643402
8.095154157634127,232.89850946978086
14.952576904911892,401.56951997580563
18.006766854112588,485.94550327639126
11.92286673616848,334.92366911536254
3.2785613365417277,102.35210284941071
19.02138850098605,499.0904089311818
10.649711656921104,291.1488737556308
4.78854788076654,153.02177867329812
8.168546011259606,229.75345762691381
14.42185103363573,393.30572280052473
18.70600816773123,504.5068540345353
18.1317263543685,487.1475860557331
2.8057859580098943,94.92055768105101
17.435791702289947,459.89527024087954
11.803343606324276,311.74328341527655
8.193589299179433,237.28979285468793
9.287340486668148,255.90831729021923
15.892234365299496,427.517830956528
16.895501588059716,453.5414806348145
13.157937895858582,352.3995753611631
1.1692258605578632,63.947610194722365
16.169273465880806,429.0520033176355
0.5148842749973892,39.901327070039684
7.755362840436131,217.97269246877872
8.883348754242366,252.3289170850092
10.122133883307127,279.73012872112884
5.119067855901287,169.3269903598062
8.38132382760714,236.31512539021907
15.745968531767964,424.5810824039516
5.425328133683294,164.231629548979
16.26501523943406,441.05867399550135
0.2515170174723802,36.30747054040152
2.855977338162212,94.09057683725375
18.50601348349947,493.64471675013283
9.40799858441826,267.3998392047042
1.015952798069566,49.00314342241289
12.208865052554575,330.0076575846232
9.120140815951725,254.7254848623951
1.7717533760360382,75.57960544340438
6.959249862977261,202.19720021169132
12.288521687079978,325.9518078847093
12.554170891242366,340.05289475702074
17.73806059211517,479.12729446294367
9.850121787661797,279.41645024287754
2.094755878821606,85.63821290043745
2.2710621414684606,86.49621104662674
8.336066134614473,249.2666329642566
3.7064227745916334,122.31691548009537
18.419076656270942,489.32031990604844
4.241564853775657,133.6773904389225
7.527395131875341,216.19143904402543
10.247637648050427,290.1023442492496
6.608044747649746,184.78111839501494
13.291925324355658,356.372042372161
12.105111119904237,339.6316662250068
18.78735389576167,495.80502971638924
16.639181210942628,440.34162220282246
12.05923377217488,330.6446022432376
8.934234252944758,249.61436351822897
12.295493745014188,338.85169727164947
12.461319991681943,335.5513406176922
5.391551998720178,172.2843058714611
3.560351709124243,112.45414169418272
10.380151075559347,289.08404396375903
6.145262610109279,183.9106693333444
7.704608933843655,223.8471832279112
0.03327247354020679,30.528779028074794
13.633559556956472,370.8100921769634
1.1603091433348034,58.65771675462027
14.709429364038877,404.26415169082
4.159197161453177,133.3529352582704
3.2952980631000917,117.20021760234259
12.011124523324796,326.61678894246523
19.66945876009682,521.72437504604
8.44139180331064,240.38394315229718
17.386382041285383,469.66190613044665
1.2368175119263158,57.98742836156478
10.173365148693136,280.8755160347092
13.635317285032762,370.10253005403973
7.507784379804647,217.58859256044335
2.5893904490358577,84.22300834849372
0.30812891653811736,33.41081896883159
7.73484672175194,228.92202820805483
14.854769342883472,400.0963647008516
19.81103467658409,524.0677382547301
9.26145247382222,264.38753891978183
5.898343549434008,180.16126519592083
6.933336820892242,212.02979768169934
1.838621583963762,79.12175861277645
9.002264645275059,252.85519313886874
12.542572460979162,343.8394944828573
12.471548244741612,345.6592277628599
0.2553805502581663,41.192858227798226
12.674639290820341,342.3528629810778
13.313728573167685,366.1921305941312
10.040490568002019,289.8479221118763
18.897585988406217,501.5725453980326
5.160894883252356,159.07892339311974
17.038318173042693,451.33064176284375
3.4844312762411245,111.8014118260254
5.2391034892248385,161.03525961103682
4.097975501436557,136.3898493726977
17.70638992721789,471.1660338138534
15.870513589496504,432.2910956194539
9.009675502148976,259.7809006068559
7.560461438044685,217.18080087485677
0.25802579505809886,40.101113980929306
14.038791770742078,380.32308992129236
19.298762505291343,512.9338123124994
15.570386472289464,424.62895446355225
4.661532524374539,158.73173309204336
5.290040628203383,155.26993887307913
8.456057309575309,239.74977664251875
8.154633662865429,239.66714192696807
4.6467536293615535,144.94763524970406
15.832355755891086,423.66208208185617
15.721713997683246,431.38129583832136
14.129416695536317,382.93123502622126
0.09921203138160806,36.41679113436262
18.347565968002733,487.1424696969758
6.751162102123891,190.98586440769859
0.5763751069135026,41.85387092781838
12.748380684333622,352.1283472901767
14.751985903357534,399.76455893860685
13.41922029249025,361.49120181675704
7.81832496260622,235.77748207618419
17.223320010337808,461.1724771809369
7.130170207771938,203.27745511677279
10.765164999739376,305.62668705216595
18.435130787908044,495.46128405818246
14.557906434486473,391.14798939531
1.893366458181347,80.60503359680754
15.542772816209457,422.52205607325044
18.03381967085149,483.15719834467694
16.50776566432304,443.3434135564399
9.53530571014362,259.54225285117883
16.502955825705158,440.9569926095079
1.5125818193363405,67.54997282017624
5.084532236515377,154.1964917344897
17.33733792109721,461.6522182750035
0.8277562241476155,54.20144124838998
7.96108038340434,226.53349518724545
17.209397715128667,451.75408289286514
8.917095376649337,249.79824200909363
1.6924153750800475,69.63246582747783
9.18225046453431,258.74680489872554
14.644318653746215,389.97416485972394
6.32783948368054,186.64279652547228
18.130618371428092,478.8811572464036
18.815928021100124,504.2959364211498
3.3553116162878194,112.91509624590579
1.8677287632574768,79.43106180580357
5.987136066934475,181.06246130058634
9.380852946584465,258.0984703560197
3.140281435908432,108.29523824331886
4.831366261903116,159.13357827740097
18.665975065642048,488.5951245441996
14.29760042989918,392.17924451935505
11.958919892726641,329.4662291346057
14.159114344417024,376.42453773620207
0.05451738018996455,34.23001545674786
2.910427339137589,107.77795546849762
13.835004486664182,375.5701580095625
14.29936995834214,389.02007463183816
17.05945843396452,465.59842340558896
11.71100456952422,319.74802549802473
11.145000879319877,317.76509869059703
7.952754781564999,237.0278110823052
16.331121608610417,431.65157381560437
17.040461042997652,456.6292310220483
9.031859261466435,256.1311431789255
7.511857232131205,224.26348292902276
1.0081018462666758,61.04794098948825
15.841531520771998,433.58908511807977
13.46114100066205,358.43190832788355
8.78403941443553,256.4867639293273
10.093707468280837,285.1822692153554
17.921045029937023,468.8327611202112
17.553481536816868,475.4024513706389
3.5816703681313378,114.00629832392477
16.98018985385555,458.36954065438414
10.19477886734488,281.9390622586837
2.122358980593595,82.02977636151738
6.229674376235281,187.95987938847776
13.738914799610356,372.42437803034943
17.868678208048347,469.45609148997977
2.1669946892571845,85.70388148115754
12.193063972151537,329.0639994054784
13.562578517156867,371.78624072842337
5.523540125553213,161.82715405088484
15.132811920382975,409.01696572138087
2.06656627617704,83.48519640202697
4.7935377608147745,159.90703075221055
0.009819276000868626,20.557494852925327
10.054758336022774,282.94975940255176
5.268719103934172,155.41629649972907
1.561349449997469,71.42680080273841
17.61762907157725,469.8794879657551
3.97329969671145,133.17839693814645
11.346395771522351,320.7408227196881
5.429308605399886,164.04539514436274
11.949991513223,328.6829371280221
13.085932673957776,361.6690282705872
14.511825836219534,390.14994019257324
5.914521573767006,179.87886084456895
0.9451023679491222,57.82185390263614
17.145432958934293,453.2548847262675
19.38587573738018,507.02203071343246
17.724494375629746,473.9909239579999
1.6522009732718779,75.68865562796941
15.70272389645081,415.04326307981324
